group_id	id	source_id	sample_id	platform	method	chromosome_1	position_1	strand_1	operation_1	chromosome_2	position_2	strand_2	operation_2	sequence	quality	filter	size	variant_type	position_1_read_count_reference_allele	position_2_read_count_reference_allele	position_1_read_count_alternate_allele	position_2_read_count_alternate_allele	position_1_read_count_total	position_2_read_count_total	position_1_alternate_allele_fraction	position_2_alternate_allele_fraction	info	format	read_ids_alternate_allele
1	76	hcc1395	hcc1395-dna-pacbio_minimap2_mdtagged_sorted	pacbio	savana	chr1	6155146	+	D	chr1	6155186	+	U		-1.0	PASS	40	BND	-1	-1	3	3	-1	-1	0.081	0.081	SVTYPE=BND;MATEID=ID_18771_2;TUMOUR_READ_SUPPORT=3;TUMOUR_ALN_SUPPORT=3;NORMAL_READ_SUPPORT=0;NORMAL_ALN_SUPPORT=0;SVLEN=40;BP_NOTATION=+-;SOURCE=CIGAR;CLUSTERED_READS_TUMOUR=37;CLUSTERED_READS_NORMAL=11;ORIGIN_STARTS_STD_DEV=2.625;ORIGIN_MAPQ_MEAN=60;ORIGIN_EVENT_SIZE_STD_DEV=0.943;ORIGIN_EVENT_SIZE_MEDIAN=41;ORIGIN_EVENT_SIZE_MEAN=40.333;END_STARTS_STD_DEV=2.16;END_MAPQ_MEAN=60;END_EVENT_SIZE_STD_DEV=0.943;END_EVENT_SIZE_MEDIAN=41;END_EVENT_SIZE_MEAN=40.333;TUMOUR_DP_BEFORE=37,37;TUMOUR_DP_AT=37,37;TUMOUR_DP_AFTER=37,37;NORMAL_DP_BEFORE=21,21;NORMAL_DP_AT=21,21;NORMAL_DP_AFTER=21,21;TUMOUR_AF=0.081,0.081;NORMAL_AF=0,0;TUMOUR_TOTAL_HP_AT=0,0,37;NORMAL_TOTAL_HP_AT=0,0,21;TUMOUR_ALT_HP=0,0,3;NORMAL_ALT_HP=0,0,0;CLASS=PASSED_SOMATIC	GT=0/1	
1	4	colo829	colo829-dna-pacbio_minimap2_mdtagged_sorted	pacbio	savana	chr1	6155146	+	D	chr1	6155187	+	U		-1.0	PASS	41	BND	-1	-1	3	3	-1	-1	0.13	0.13	SVTYPE=BND;MATEID=ID_18124_2;TUMOUR_READ_SUPPORT=3;TUMOUR_ALN_SUPPORT=3;NORMAL_READ_SUPPORT=0;NORMAL_ALN_SUPPORT=0;SVLEN=41;BP_NOTATION=+-;SOURCE=CIGAR;CLUSTERED_READS_TUMOUR=18;CLUSTERED_READS_NORMAL=11;ORIGIN_STARTS_STD_DEV=2.828;ORIGIN_MAPQ_MEAN=60;ORIGIN_EVENT_SIZE_STD_DEV=0;ORIGIN_EVENT_SIZE_MEDIAN=41;ORIGIN_EVENT_SIZE_MEAN=41;END_STARTS_STD_DEV=2.828;END_MAPQ_MEAN=60;END_EVENT_SIZE_STD_DEV=0;END_EVENT_SIZE_MEDIAN=41;END_EVENT_SIZE_MEAN=41;TUMOUR_DP_BEFORE=23,23;TUMOUR_DP_AT=23,23;TUMOUR_DP_AFTER=23,23;NORMAL_DP_BEFORE=21,21;NORMAL_DP_AT=21,21;NORMAL_DP_AFTER=21,21;TUMOUR_AF=0.13,0.13;NORMAL_AF=0,0;TUMOUR_TOTAL_HP_AT=0,0,23;NORMAL_TOTAL_HP_AT=0,0,21;TUMOUR_ALT_HP=0,0,3;NORMAL_ALT_HP=0,0,0;CLASS=PASSED_SOMATIC	GT=0/1	
2	8	colo829	colo829-dna-pacbio_minimap2_mdtagged_sorted	pacbio	savana	chr1	58629921	+	U	chrX	45983325	-	U		-1.0	PASS	-1	TRA	-1	-1	3	3	-1	-1	0.064	0.058	SVTYPE=BND;MATEID=ID_18903_2;TUMOUR_READ_SUPPORT=3;TUMOUR_ALN_SUPPORT=3;NORMAL_READ_SUPPORT=0;NORMAL_ALN_SUPPORT=0;SVLEN=0;BP_NOTATION=--;SOURCE=SUPPLEMENTARY;CLUSTERED_READS_TUMOUR=5;CLUSTERED_READS_NORMAL=2;ORIGIN_STARTS_STD_DEV=0;ORIGIN_MAPQ_MEAN=60;ORIGIN_EVENT_SIZE_STD_DEV=0;ORIGIN_EVENT_SIZE_MEDIAN=0;ORIGIN_EVENT_SIZE_MEAN=0;END_STARTS_STD_DEV=0;END_MAPQ_MEAN=60;END_EVENT_SIZE_STD_DEV=0;END_EVENT_SIZE_MEDIAN=0;END_EVENT_SIZE_MEAN=0;TUMOUR_DP_BEFORE=42,52;TUMOUR_DP_AT=47,52;TUMOUR_DP_AFTER=48,52;NORMAL_DP_BEFORE=71,35;NORMAL_DP_AT=73,35;NORMAL_DP_AFTER=73,35;TUMOUR_AF=0.064,0.058;NORMAL_AF=0,0;TUMOUR_TOTAL_HP_AT=0,0,47;NORMAL_TOTAL_HP_AT=0,0,73;TUMOUR_ALT_HP=0,0,3;NORMAL_ALT_HP=0,0,0;CLASS=PASSED_SOMATIC	GT=0/1	
2	205	hcc1395	hcc1395-dna-pacbio_minimap2_mdtagged_sorted	pacbio	savana	chr1	58629921	+	U	chrX	45983325	-	U		-1.0	PASS	-1	TRA	-1	-1	4	4	-1	-1	0.087	0.118	SVTYPE=BND;MATEID=ID_19697_2;TUMOUR_READ_SUPPORT=4;TUMOUR_ALN_SUPPORT=4;NORMAL_READ_SUPPORT=0;NORMAL_ALN_SUPPORT=0;SVLEN=0;BP_NOTATION=--;SOURCE=SUPPLEMENTARY;CLUSTERED_READS_TUMOUR=5;CLUSTERED_READS_NORMAL=2;ORIGIN_STARTS_STD_DEV=2.598;ORIGIN_MAPQ_MEAN=60;ORIGIN_EVENT_SIZE_STD_DEV=0;ORIGIN_EVENT_SIZE_MEDIAN=0;ORIGIN_EVENT_SIZE_MEAN=0;END_STARTS_STD_DEV=0;END_MAPQ_MEAN=60;END_EVENT_SIZE_STD_DEV=0;END_EVENT_SIZE_MEDIAN=0;END_EVENT_SIZE_MEAN=0;TUMOUR_DP_BEFORE=42,34;TUMOUR_DP_AT=46,34;TUMOUR_DP_AFTER=47,34;NORMAL_DP_BEFORE=71,35;NORMAL_DP_AT=73,35;NORMAL_DP_AFTER=73,35;TUMOUR_AF=0.087,0.118;NORMAL_AF=0,0;TUMOUR_TOTAL_HP_AT=0,0,46;NORMAL_TOTAL_HP_AT=0,0,73;TUMOUR_ALT_HP=0,0,4;NORMAL_ALT_HP=0,0,0;CLASS=PASSED_SOMATIC	GT=0/1	
3	283	hcc1395	hcc1395-dna-pacbio_minimap2_mdtagged_sorted	pacbio	savana	chr1	97323627	+	D	chr1	97323628	+	U	<INS>	-1.0	PASS	5	INS	-1	-1	5	5	-1	-1	0.111	0.111	SVTYPE=INS;TUMOUR_READ_SUPPORT=5;TUMOUR_ALN_SUPPORT=5;NORMAL_READ_SUPPORT=0;NORMAL_ALN_SUPPORT=0;SVLEN=38;BP_NOTATION=<INS>;SOURCE=CIGAR;CLUSTERED_READS_TUMOUR=5;CLUSTERED_READS_NORMAL=36;ORIGIN_STARTS_STD_DEV=0;ORIGIN_MAPQ_MEAN=60;ORIGIN_EVENT_SIZE_STD_DEV=0;ORIGIN_EVENT_SIZE_MEDIAN=38;ORIGIN_EVENT_SIZE_MEAN=38;END_STARTS_STD_DEV=0;END_MAPQ_MEAN=60;END_EVENT_SIZE_STD_DEV=0;END_EVENT_SIZE_MEDIAN=38;END_EVENT_SIZE_MEAN=38;TUMOUR_DP_BEFORE=46,46;TUMOUR_DP_AT=45,45;TUMOUR_DP_AFTER=46,46;NORMAL_DP_BEFORE=71,71;NORMAL_DP_AT=71,71;NORMAL_DP_AFTER=71,71;TUMOUR_AF=0.111,0.111;NORMAL_AF=0,0;TUMOUR_TOTAL_HP_AT=0,0,45;NORMAL_TOTAL_HP_AT=0,0,71;TUMOUR_ALT_HP=0,0,5;NORMAL_ALT_HP=0,0,0;CLASS=PASSED_SOMATIC	GT=0/1	
3	15	colo829	colo829-dna-pacbio_minimap2_mdtagged_sorted	pacbio	savana	chr1	97323606	+	D	chr1	97323649	+	U		-1.0	PASS	43	BND	-1	-1	3	3	-1	-1	0.061	0.061	SVTYPE=BND;MATEID=ID_19360_2;TUMOUR_READ_SUPPORT=3;TUMOUR_ALN_SUPPORT=3;NORMAL_READ_SUPPORT=0;NORMAL_ALN_SUPPORT=0;SVLEN=43;BP_NOTATION=+-;SOURCE=CIGAR;CLUSTERED_READS_TUMOUR=48;CLUSTERED_READS_NORMAL=36;ORIGIN_STARTS_STD_DEV=2.16;ORIGIN_MAPQ_MEAN=60;ORIGIN_EVENT_SIZE_STD_DEV=1.247;ORIGIN_EVENT_SIZE_MEDIAN=44;ORIGIN_EVENT_SIZE_MEAN=43.667;END_STARTS_STD_DEV=1.247;END_MAPQ_MEAN=60;END_EVENT_SIZE_STD_DEV=1.247;END_EVENT_SIZE_MEDIAN=44;END_EVENT_SIZE_MEAN=43.667;TUMOUR_DP_BEFORE=49,49;TUMOUR_DP_AT=49,49;TUMOUR_DP_AFTER=49,49;NORMAL_DP_BEFORE=71,71;NORMAL_DP_AT=71,71;NORMAL_DP_AFTER=71,71;TUMOUR_AF=0.061,0.061;NORMAL_AF=0,0;TUMOUR_TOTAL_HP_AT=0,0,49;NORMAL_TOTAL_HP_AT=0,0,71;TUMOUR_ALT_HP=0,0,3;NORMAL_ALT_HP=0,0,0;CLASS=PASSED_SOMATIC	GT=0/1	
4	22	colo829	colo829-dna-pacbio_minimap2_mdtagged_sorted	pacbio	savana	chr1	119421429	+	D	chr1	119421477	+	U		-1.0	PASS	48	BND	-1	-1	3	3	-1	-1	0.057	0.057	SVTYPE=BND;MATEID=ID_19632_2;TUMOUR_READ_SUPPORT=3;TUMOUR_ALN_SUPPORT=3;NORMAL_READ_SUPPORT=0;NORMAL_ALN_SUPPORT=0;SVLEN=48;BP_NOTATION=+-;SOURCE=CIGAR;CLUSTERED_READS_TUMOUR=53;CLUSTERED_READS_NORMAL=25;ORIGIN_STARTS_STD_DEV=0;ORIGIN_MAPQ_MEAN=60;ORIGIN_EVENT_SIZE_STD_DEV=0;ORIGIN_EVENT_SIZE_MEDIAN=48;ORIGIN_EVENT_SIZE_MEAN=48;END_STARTS_STD_DEV=0;END_MAPQ_MEAN=60;END_EVENT_SIZE_STD_DEV=0;END_EVENT_SIZE_MEDIAN=48;END_EVENT_SIZE_MEAN=48;TUMOUR_DP_BEFORE=53,53;TUMOUR_DP_AT=53,53;TUMOUR_DP_AFTER=53,53;NORMAL_DP_BEFORE=47,47;NORMAL_DP_AT=47,47;NORMAL_DP_AFTER=47,47;TUMOUR_AF=0.057,0.057;NORMAL_AF=0,0;TUMOUR_TOTAL_HP_AT=0,0,53;NORMAL_TOTAL_HP_AT=0,0,47;TUMOUR_ALT_HP=0,0,3;NORMAL_ALT_HP=0,0,0;CLASS=PASSED_SOMATIC	GT=0/1	
4	340	hcc1395	hcc1395-dna-pacbio_minimap2_mdtagged_sorted	pacbio	savana	chr1	119421429	+	D	chr1	119421477	+	U		-1.0	PASS	48	BND	-1	-1	4	4	-1	-1	0.03	0.03	SVTYPE=BND;MATEID=ID_20559_2;TUMOUR_READ_SUPPORT=4;TUMOUR_ALN_SUPPORT=4;NORMAL_READ_SUPPORT=0;NORMAL_ALN_SUPPORT=0;SVLEN=48;BP_NOTATION=+-;SOURCE=CIGAR;CLUSTERED_READS_TUMOUR=131;CLUSTERED_READS_NORMAL=25;ORIGIN_STARTS_STD_DEV=1.732;ORIGIN_MAPQ_MEAN=60;ORIGIN_EVENT_SIZE_STD_DEV=1.299;ORIGIN_EVENT_SIZE_MEDIAN=48;ORIGIN_EVENT_SIZE_MEAN=47.25;END_STARTS_STD_DEV=0.433;END_MAPQ_MEAN=60;END_EVENT_SIZE_STD_DEV=1.299;END_EVENT_SIZE_MEDIAN=48;END_EVENT_SIZE_MEAN=47.25;TUMOUR_DP_BEFORE=133,133;TUMOUR_DP_AT=133,134;TUMOUR_DP_AFTER=133,134;NORMAL_DP_BEFORE=47,47;NORMAL_DP_AT=47,47;NORMAL_DP_AFTER=47,47;TUMOUR_AF=0.03,0.03;NORMAL_AF=0,0;TUMOUR_TOTAL_HP_AT=0,0,133;NORMAL_TOTAL_HP_AT=0,0,47;TUMOUR_ALT_HP=0,0,4;NORMAL_ALT_HP=0,0,0;CLASS=PASSED_SOMATIC	GT=0/1	
5	27	colo829	colo829-dna-pacbio_minimap2_mdtagged_sorted	pacbio	savana	chr1	125171349	+	D	chr1	125174274	+	U		-1.0	PASS	2925	BND	-1	-1	9	9	-1	-1	0.818	0.15	SVTYPE=BND;MATEID=ID_21994_2;TUMOUR_READ_SUPPORT=9;TUMOUR_ALN_SUPPORT=9;NORMAL_READ_SUPPORT=0;NORMAL_ALN_SUPPORT=0;SVLEN=2925;BP_NOTATION=+-;SOURCE=CIGAR;CLUSTERED_READS_TUMOUR=28;CLUSTERED_READS_NORMAL=43;ORIGIN_STARTS_STD_DEV=0;ORIGIN_MAPQ_MEAN=55.333;ORIGIN_EVENT_SIZE_STD_DEV=0;ORIGIN_EVENT_SIZE_MEDIAN=2925;ORIGIN_EVENT_SIZE_MEAN=2925;END_STARTS_STD_DEV=0;END_MAPQ_MEAN=55.333;END_EVENT_SIZE_STD_DEV=0;END_EVENT_SIZE_MEDIAN=2925;END_EVENT_SIZE_MEAN=2925;TUMOUR_DP_BEFORE=43,61;TUMOUR_DP_AT=11,60;TUMOUR_DP_AFTER=11,60;NORMAL_DP_BEFORE=71,79;NORMAL_DP_AT=9,78;NORMAL_DP_AFTER=9,78;TUMOUR_AF=0.818,0.15;NORMAL_AF=0,0;TUMOUR_TOTAL_HP_AT=0,0,11;NORMAL_TOTAL_HP_AT=0,0,9;TUMOUR_ALT_HP=0,0,9;NORMAL_ALT_HP=0,0,0;CLASS=PASSED_SOMATIC	GT=0/1	
5	400	hcc1395	hcc1395-dna-pacbio_minimap2_mdtagged_sorted	pacbio	savana	chr1	125171349	+	D	chr1	125174274	+	U		-1.0	PASS	2925	BND	-1	-1	10	10	-1	-1	0.714	0.152	SVTYPE=BND;MATEID=ID_22989_2;TUMOUR_READ_SUPPORT=10;TUMOUR_ALN_SUPPORT=10;NORMAL_READ_SUPPORT=0;NORMAL_ALN_SUPPORT=0;SVLEN=2925;BP_NOTATION=+-;SOURCE=CIGAR;CLUSTERED_READS_TUMOUR=36;CLUSTERED_READS_NORMAL=43;ORIGIN_STARTS_STD_DEV=0;ORIGIN_MAPQ_MEAN=60;ORIGIN_EVENT_SIZE_STD_DEV=0;ORIGIN_EVENT_SIZE_MEDIAN=2925;ORIGIN_EVENT_SIZE_MEAN=2925;END_STARTS_STD_DEV=0;END_MAPQ_MEAN=60;END_EVENT_SIZE_STD_DEV=0;END_EVENT_SIZE_MEDIAN=2925;END_EVENT_SIZE_MEAN=2925;TUMOUR_DP_BEFORE=64,66;TUMOUR_DP_AT=14,66;TUMOUR_DP_AFTER=14,66;NORMAL_DP_BEFORE=71,79;NORMAL_DP_AT=9,78;NORMAL_DP_AFTER=9,78;TUMOUR_AF=0.714,0.152;NORMAL_AF=0,0;TUMOUR_TOTAL_HP_AT=0,0,14;NORMAL_TOTAL_HP_AT=0,0,9;TUMOUR_ALT_HP=0,0,10;NORMAL_ALT_HP=0,0,0;CLASS=PASSED_SOMATIC	GT=0/1	
6	483	hcc1395	hcc1395-dna-pacbio_minimap2_mdtagged_sorted	pacbio	savana	chr1	156140160	+	D	chr1	156140161	+	U	<INS>	-1.0	PASS	5	INS	-1	-1	24	24	-1	-1	0.462	0.462	SVTYPE=INS;TUMOUR_READ_SUPPORT=24;TUMOUR_ALN_SUPPORT=24;NORMAL_READ_SUPPORT=0;NORMAL_ALN_SUPPORT=0;SVLEN=32;BP_NOTATION=<INS>;SOURCE=CIGAR;CLUSTERED_READS_TUMOUR=24;CLUSTERED_READS_NORMAL=0;ORIGIN_STARTS_STD_DEV=0;ORIGIN_MAPQ_MEAN=60;ORIGIN_EVENT_SIZE_STD_DEV=0.949;ORIGIN_EVENT_SIZE_MEDIAN=32;ORIGIN_EVENT_SIZE_MEAN=32.375;END_STARTS_STD_DEV=0;END_MAPQ_MEAN=60;END_EVENT_SIZE_STD_DEV=0.949;END_EVENT_SIZE_MEDIAN=32;END_EVENT_SIZE_MEAN=32.375;TUMOUR_DP_BEFORE=52,52;TUMOUR_DP_AT=52,52;TUMOUR_DP_AFTER=52,52;NORMAL_DP_BEFORE=41,41;NORMAL_DP_AT=41,41;NORMAL_DP_AFTER=41,41;TUMOUR_AF=0.462,0.462;NORMAL_AF=0,0;TUMOUR_TOTAL_HP_AT=0,0,52;NORMAL_TOTAL_HP_AT=0,0,41;TUMOUR_ALT_HP=0,0,24;NORMAL_ALT_HP=0,0,0;CLASS=PASSED_SOMATIC	GT=0/1	
6	54	colo829	colo829-dna-pacbio_minimap2_mdtagged_sorted	pacbio	savana	chr1	156140160	+	D	chr1	156140161	+	U	<INS>	-1.0	PASS	5	INS	-1	-1	3	3	-1	-1	0.091	0.091	SVTYPE=INS;TUMOUR_READ_SUPPORT=3;TUMOUR_ALN_SUPPORT=3;NORMAL_READ_SUPPORT=0;NORMAL_ALN_SUPPORT=0;SVLEN=31;BP_NOTATION=<INS>;SOURCE=CIGAR;CLUSTERED_READS_TUMOUR=3;CLUSTERED_READS_NORMAL=0;ORIGIN_STARTS_STD_DEV=0;ORIGIN_MAPQ_MEAN=60;ORIGIN_EVENT_SIZE_STD_DEV=0.471;ORIGIN_EVENT_SIZE_MEDIAN=32;ORIGIN_EVENT_SIZE_MEAN=31.667;END_STARTS_STD_DEV=0;END_MAPQ_MEAN=60;END_EVENT_SIZE_STD_DEV=0.471;END_EVENT_SIZE_MEDIAN=32;END_EVENT_SIZE_MEAN=31.667;TUMOUR_DP_BEFORE=33,33;TUMOUR_DP_AT=33,33;TUMOUR_DP_AFTER=33,33;NORMAL_DP_BEFORE=41,41;NORMAL_DP_AT=41,41;NORMAL_DP_AFTER=41,41;TUMOUR_AF=0.091,0.091;NORMAL_AF=0,0;TUMOUR_TOTAL_HP_AT=0,0,33;NORMAL_TOTAL_HP_AT=0,0,41;TUMOUR_ALT_HP=0,0,3;NORMAL_ALT_HP=0,0,0;CLASS=PASSED_SOMATIC	GT=0/1	
7	536	hcc1395	hcc1395-dna-pacbio_minimap2_mdtagged_sorted	pacbio	savana	chr1	175547610	+	D	chr1	175547655	+	U		-1.0	PASS	45	BND	-1	-1	3	3	-1	-1	0.042	0.042	SVTYPE=BND;MATEID=ID_24633_2;TUMOUR_READ_SUPPORT=3;TUMOUR_ALN_SUPPORT=3;NORMAL_READ_SUPPORT=0;NORMAL_ALN_SUPPORT=0;SVLEN=45;BP_NOTATION=+-;SOURCE=CIGAR;CLUSTERED_READS_TUMOUR=71;CLUSTERED_READS_NORMAL=38;ORIGIN_STARTS_STD_DEV=2.357;ORIGIN_MAPQ_MEAN=60;ORIGIN_EVENT_SIZE_STD_DEV=1.886;ORIGIN_EVENT_SIZE_MEDIAN=45;ORIGIN_EVENT_SIZE_MEAN=46.333;END_STARTS_STD_DEV=0.471;END_MAPQ_MEAN=60;END_EVENT_SIZE_STD_DEV=1.886;END_EVENT_SIZE_MEDIAN=45;END_EVENT_SIZE_MEAN=46.333;TUMOUR_DP_BEFORE=71,71;TUMOUR_DP_AT=71,72;TUMOUR_DP_AFTER=71,72;NORMAL_DP_BEFORE=54,55;NORMAL_DP_AT=54,55;NORMAL_DP_AFTER=54,55;TUMOUR_AF=0.042,0.042;NORMAL_AF=0,0;TUMOUR_TOTAL_HP_AT=0,0,71;NORMAL_TOTAL_HP_AT=0,0,54;TUMOUR_ALT_HP=0,0,3;NORMAL_ALT_HP=0,0,0;CLASS=PASSED_SOMATIC	GT=0/1	
7	535	hcc1395	hcc1395-dna-pacbio_minimap2_mdtagged_sorted	pacbio	savana	chr1	175547589	+	D	chr1	175547634	+	U		-1.0	PASS	45	BND	-1	-1	4	4	-1	-1	0.056	0.056	SVTYPE=BND;MATEID=ID_24630_2;TUMOUR_READ_SUPPORT=4;TUMOUR_ALN_SUPPORT=4;NORMAL_READ_SUPPORT=0;NORMAL_ALN_SUPPORT=0;SVLEN=45;BP_NOTATION=+-;SOURCE=CIGAR;CLUSTERED_READS_TUMOUR=71;CLUSTERED_READS_NORMAL=38;ORIGIN_STARTS_STD_DEV=1.299;ORIGIN_MAPQ_MEAN=60;ORIGIN_EVENT_SIZE_STD_DEV=0.866;ORIGIN_EVENT_SIZE_MEDIAN=45;ORIGIN_EVENT_SIZE_MEAN=45.5;END_STARTS_STD_DEV=0.433;END_MAPQ_MEAN=60;END_EVENT_SIZE_STD_DEV=0.866;END_EVENT_SIZE_MEDIAN=45;END_EVENT_SIZE_MEAN=45.5;TUMOUR_DP_BEFORE=71,71;TUMOUR_DP_AT=71,71;TUMOUR_DP_AFTER=71,71;NORMAL_DP_BEFORE=54,55;NORMAL_DP_AT=54,55;NORMAL_DP_AFTER=54,55;TUMOUR_AF=0.056,0.056;NORMAL_AF=0,0;TUMOUR_TOTAL_HP_AT=0,0,71;NORMAL_TOTAL_HP_AT=0,0,54;TUMOUR_ALT_HP=0,0,4;NORMAL_ALT_HP=0,0,0;CLASS=PASSED_SOMATIC	GT=0/1	
7	62	colo829	colo829-dna-pacbio_minimap2_mdtagged_sorted	pacbio	savana	chr1	175547582	+	D	chr1	175547630	+	U		-1.0	PASS	48	BND	-1	-1	4	4	-1	-1	0.053	0.053	SVTYPE=BND;MATEID=ID_23498_2;TUMOUR_READ_SUPPORT=4;TUMOUR_ALN_SUPPORT=4;NORMAL_READ_SUPPORT=0;NORMAL_ALN_SUPPORT=0;SVLEN=48;BP_NOTATION=+-;SOURCE=CIGAR;CLUSTERED_READS_TUMOUR=76;CLUSTERED_READS_NORMAL=38;ORIGIN_STARTS_STD_DEV=3.279;ORIGIN_MAPQ_MEAN=60;ORIGIN_EVENT_SIZE_STD_DEV=2.872;ORIGIN_EVENT_SIZE_MEDIAN=47.5;ORIGIN_EVENT_SIZE_MEAN=46.5;END_STARTS_STD_DEV=0.707;END_MAPQ_MEAN=60;END_EVENT_SIZE_STD_DEV=2.872;END_EVENT_SIZE_MEDIAN=47.5;END_EVENT_SIZE_MEAN=46.5;TUMOUR_DP_BEFORE=76,76;TUMOUR_DP_AT=76,76;TUMOUR_DP_AFTER=76,76;NORMAL_DP_BEFORE=54,55;NORMAL_DP_AT=54,55;NORMAL_DP_AFTER=54,55;TUMOUR_AF=0.053,0.053;NORMAL_AF=0,0;TUMOUR_TOTAL_HP_AT=0,0,76;NORMAL_TOTAL_HP_AT=0,0,54;TUMOUR_ALT_HP=0,0,4;NORMAL_ALT_HP=0,0,0;CLASS=PASSED_SOMATIC	GT=0/1	
8	74	colo829	colo829-dna-pacbio_minimap2_mdtagged_sorted	pacbio	savana	chr1	195143129	+	D	chr1	195143172	+	U		-1.0	PASS	43	BND	-1	-1	4	4	-1	-1	0.044	0.044	SVTYPE=BND;MATEID=ID_23764_2;TUMOUR_READ_SUPPORT=4;TUMOUR_ALN_SUPPORT=4;NORMAL_READ_SUPPORT=0;NORMAL_ALN_SUPPORT=0;SVLEN=43;BP_NOTATION=+-;SOURCE=CIGAR;CLUSTERED_READS_TUMOUR=85;CLUSTERED_READS_NORMAL=42;ORIGIN_STARTS_STD_DEV=4.717;ORIGIN_MAPQ_MEAN=60;ORIGIN_EVENT_SIZE_STD_DEV=3.5;ORIGIN_EVENT_SIZE_MEDIAN=42.5;ORIGIN_EVENT_SIZE_MEAN=42.5;END_STARTS_STD_DEV=1.732;END_MAPQ_MEAN=60;END_EVENT_SIZE_STD_DEV=3.5;END_EVENT_SIZE_MEDIAN=42.5;END_EVENT_SIZE_MEAN=42.5;TUMOUR_DP_BEFORE=91,90;TUMOUR_DP_AT=91,90;TUMOUR_DP_AFTER=90,90;NORMAL_DP_BEFORE=84,84;NORMAL_DP_AT=84,84;NORMAL_DP_AFTER=84,84;TUMOUR_AF=0.044,0.044;NORMAL_AF=0,0;TUMOUR_TOTAL_HP_AT=0,0,91;NORMAL_TOTAL_HP_AT=0,0,84;TUMOUR_ALT_HP=0,0,4;NORMAL_ALT_HP=0,0,0;CLASS=PASSED_SOMATIC	GT=0/1	
8	583	hcc1395	hcc1395-dna-pacbio_minimap2_mdtagged_sorted	pacbio	savana	chr1	195143107	+	D	chr1	195143148	+	U		-1.0	PASS	41	BND	-1	-1	3	3	-1	-1	0.052	0.052	SVTYPE=BND;MATEID=ID_24943_2;TUMOUR_READ_SUPPORT=3;TUMOUR_ALN_SUPPORT=3;NORMAL_READ_SUPPORT=0;NORMAL_ALN_SUPPORT=0;SVLEN=41;BP_NOTATION=+-;SOURCE=CIGAR;CLUSTERED_READS_TUMOUR=23;CLUSTERED_READS_NORMAL=42;ORIGIN_STARTS_STD_DEV=2.357;ORIGIN_MAPQ_MEAN=60;ORIGIN_EVENT_SIZE_STD_DEV=0;ORIGIN_EVENT_SIZE_MEDIAN=41;ORIGIN_EVENT_SIZE_MEAN=41;END_STARTS_STD_DEV=2.357;END_MAPQ_MEAN=60;END_EVENT_SIZE_STD_DEV=0;END_EVENT_SIZE_MEDIAN=41;END_EVENT_SIZE_MEAN=41;TUMOUR_DP_BEFORE=58,58;TUMOUR_DP_AT=58,58;TUMOUR_DP_AFTER=58,58;NORMAL_DP_BEFORE=84,84;NORMAL_DP_AT=84,84;NORMAL_DP_AFTER=84,84;TUMOUR_AF=0.052,0.052;NORMAL_AF=0,0;TUMOUR_TOTAL_HP_AT=0,0,58;NORMAL_TOTAL_HP_AT=0,0,84;TUMOUR_ALT_HP=0,0,3;NORMAL_ALT_HP=0,0,0;CLASS=PASSED_SOMATIC	GT=0/1	
9	75	colo829	colo829-dna-pacbio_minimap2_mdtagged_sorted	pacbio	savana	chr1	207213947	+	D	chr1	207213948	+	U	<INS>	-1.0	PASS	5	INS	-1	-1	9	9	-1	-1	0.106	0.106	SVTYPE=INS;TUMOUR_READ_SUPPORT=9;TUMOUR_ALN_SUPPORT=9;NORMAL_READ_SUPPORT=0;NORMAL_ALN_SUPPORT=0;SVLEN=36;BP_NOTATION=<INS>;SOURCE=CIGAR;CLUSTERED_READS_TUMOUR=80;CLUSTERED_READS_NORMAL=27;ORIGIN_STARTS_STD_DEV=8.615;ORIGIN_MAPQ_MEAN=60;ORIGIN_EVENT_SIZE_STD_DEV=2.587;ORIGIN_EVENT_SIZE_MEDIAN=36;ORIGIN_EVENT_SIZE_MEAN=36.444;END_STARTS_STD_DEV=8.615;END_MAPQ_MEAN=60;END_EVENT_SIZE_STD_DEV=2.587;END_EVENT_SIZE_MEDIAN=36;END_EVENT_SIZE_MEAN=36.444;TUMOUR_DP_BEFORE=85,85;TUMOUR_DP_AT=85,85;TUMOUR_DP_AFTER=84,84;NORMAL_DP_BEFORE=59,59;NORMAL_DP_AT=59,59;NORMAL_DP_AFTER=59,59;TUMOUR_AF=0.106,0.106;NORMAL_AF=0,0;TUMOUR_TOTAL_HP_AT=0,0,85;NORMAL_TOTAL_HP_AT=0,0,59;TUMOUR_ALT_HP=0,0,9;NORMAL_ALT_HP=0,0,0;CLASS=PASSED_SOMATIC	GT=0/1	
9	624	hcc1395	hcc1395-dna-pacbio_minimap2_mdtagged_sorted	pacbio	savana	chr1	207213947	+	D	chr1	207213948	+	U	<INS>	-1.0	PASS	5	INS	-1	-1	13	13	-1	-1	0.232	0.232	SVTYPE=INS;TUMOUR_READ_SUPPORT=13;TUMOUR_ALN_SUPPORT=13;NORMAL_READ_SUPPORT=0;NORMAL_ALN_SUPPORT=0;SVLEN=36;BP_NOTATION=<INS>;SOURCE=CIGAR;CLUSTERED_READS_TUMOUR=26;CLUSTERED_READS_NORMAL=27;ORIGIN_STARTS_STD_DEV=0;ORIGIN_MAPQ_MEAN=60;ORIGIN_EVENT_SIZE_STD_DEV=0;ORIGIN_EVENT_SIZE_MEDIAN=36;ORIGIN_EVENT_SIZE_MEAN=36;END_STARTS_STD_DEV=0;END_MAPQ_MEAN=60;END_EVENT_SIZE_STD_DEV=0;END_EVENT_SIZE_MEDIAN=36;END_EVENT_SIZE_MEAN=36;TUMOUR_DP_BEFORE=56,56;TUMOUR_DP_AT=56,56;TUMOUR_DP_AFTER=56,56;NORMAL_DP_BEFORE=59,59;NORMAL_DP_AT=59,59;NORMAL_DP_AFTER=59,59;TUMOUR_AF=0.232,0.232;NORMAL_AF=0,0;TUMOUR_TOTAL_HP_AT=0,0,56;NORMAL_TOTAL_HP_AT=0,0,59;TUMOUR_ALT_HP=0,0,13;NORMAL_ALT_HP=0,0,0;CLASS=PASSED_SOMATIC	GT=0/1	
10	80	colo829	colo829-dna-pacbio_minimap2_mdtagged_sorted	pacbio	savana	chr1	226797691	+	D	chr1	226798037	+	U		-1.0	PASS	346	BND	-1	-1	5	5	-1	-1	0.062	0.064	SVTYPE=BND;MATEID=ID_24168_2;TUMOUR_READ_SUPPORT=5;TUMOUR_ALN_SUPPORT=5;NORMAL_READ_SUPPORT=0;NORMAL_ALN_SUPPORT=0;SVLEN=346;BP_NOTATION=+-;SOURCE=CIGAR;CLUSTERED_READS_TUMOUR=5;CLUSTERED_READS_NORMAL=0;ORIGIN_STARTS_STD_DEV=8.546;ORIGIN_MAPQ_MEAN=60;ORIGIN_EVENT_SIZE_STD_DEV=1.2;ORIGIN_EVENT_SIZE_MEDIAN=346;ORIGIN_EVENT_SIZE_MEAN=345.4;END_STARTS_STD_DEV=9.633;END_MAPQ_MEAN=60;END_EVENT_SIZE_STD_DEV=1.2;END_EVENT_SIZE_MEDIAN=346;END_EVENT_SIZE_MEAN=345.4;TUMOUR_DP_BEFORE=80,78;TUMOUR_DP_AT=80,78;TUMOUR_DP_AFTER=80,78;NORMAL_DP_BEFORE=53,53;NORMAL_DP_AT=53,53;NORMAL_DP_AFTER=53,53;TUMOUR_AF=0.062,0.064;NORMAL_AF=0,0;TUMOUR_TOTAL_HP_AT=0,0,80;NORMAL_TOTAL_HP_AT=0,0,53;TUMOUR_ALT_HP=0,0,5;NORMAL_ALT_HP=0,0,0;CLASS=PASSED_SOMATIC	GT=0/1	
10	682	hcc1395	hcc1395-dna-pacbio_minimap2_mdtagged_sorted	pacbio	savana	chr1	226797698	+	D	chr1	226798043	+	U		-1.0	PASS	345	BND	-1	-1	3	3	-1	-1	0.048	0.047	SVTYPE=BND;MATEID=ID_25467_2;TUMOUR_READ_SUPPORT=3;TUMOUR_ALN_SUPPORT=3;NORMAL_READ_SUPPORT=0;NORMAL_ALN_SUPPORT=0;SVLEN=345;BP_NOTATION=+-;SOURCE=CIGAR;CLUSTERED_READS_TUMOUR=3;CLUSTERED_READS_NORMAL=0;ORIGIN_STARTS_STD_DEV=0.816;ORIGIN_MAPQ_MEAN=60;ORIGIN_EVENT_SIZE_STD_DEV=0.816;ORIGIN_EVENT_SIZE_MEDIAN=345;ORIGIN_EVENT_SIZE_MEAN=345;END_STARTS_STD_DEV=0.816;END_MAPQ_MEAN=60;END_EVENT_SIZE_STD_DEV=0.816;END_EVENT_SIZE_MEDIAN=345;END_EVENT_SIZE_MEAN=345;TUMOUR_DP_BEFORE=63,64;TUMOUR_DP_AT=63,64;TUMOUR_DP_AFTER=63,64;NORMAL_DP_BEFORE=53,53;NORMAL_DP_AT=53,53;NORMAL_DP_AFTER=53,52;TUMOUR_AF=0.048,0.047;NORMAL_AF=0,0;TUMOUR_TOTAL_HP_AT=0,0,63;NORMAL_TOTAL_HP_AT=0,0,53;TUMOUR_ALT_HP=0,0,3;NORMAL_ALT_HP=0,0,0;CLASS=PASSED_SOMATIC	GT=0/1	
