id	source_id	sample_id	platform	method	chromosome_1	position_1	strand_1	operation_1	chromosome_2	position_2	strand_2	operation_2	sequence	quality	filter	size	variant_type	position_1_read_count_reference_allele	position_2_read_count_reference_allele	position_1_read_count_alternate_allele	position_2_read_count_alternate_allele	position_1_read_count_total	position_2_read_count_total	position_1_alternate_allele_fraction	position_2_alternate_allele_fraction	info	format	read_ids_alternate_allele
1	colo829	colo829-dna-pacbio_minimap2_mdtagged_sorted	pacbio	savana	chr1	909095	+	D	chr1	909498	+	U		-1.0	PASS	403	BND	-1	-1	5	5	-1	-1	0.263	0.263	SVTYPE=BND;MATEID=ID_17722_2;TUMOUR_READ_SUPPORT=5;TUMOUR_ALN_SUPPORT=5;NORMAL_READ_SUPPORT=0;NORMAL_ALN_SUPPORT=0;SVLEN=403;BP_NOTATION=+-;SOURCE=CIGAR;CLUSTERED_READS_TUMOUR=6;CLUSTERED_READS_NORMAL=0;ORIGIN_STARTS_STD_DEV=2.135;ORIGIN_MAPQ_MEAN=60;ORIGIN_EVENT_SIZE_STD_DEV=0.8;ORIGIN_EVENT_SIZE_MEDIAN=403;ORIGIN_EVENT_SIZE_MEAN=402.6;END_STARTS_STD_DEV=2.577;END_MAPQ_MEAN=60;END_EVENT_SIZE_STD_DEV=0.8;END_EVENT_SIZE_MEDIAN=403;END_EVENT_SIZE_MEAN=402.6;TUMOUR_DP_BEFORE=19,19;TUMOUR_DP_AT=19,19;TUMOUR_DP_AFTER=19,19;NORMAL_DP_BEFORE=18,18;NORMAL_DP_AT=18,18;NORMAL_DP_AFTER=18,18;TUMOUR_AF=0.263,0.263;NORMAL_AF=0,0;TUMOUR_TOTAL_HP_AT=0,0,19;NORMAL_TOTAL_HP_AT=0,0,18;TUMOUR_ALT_HP=0,0,5;NORMAL_ALT_HP=0,0,0;CLASS=PASSED_SOMATIC	GT=0/1	
2	colo829	colo829-dna-pacbio_minimap2_mdtagged_sorted	pacbio	savana	chr1	909231	+	D	chr1	909628	+	U		-1.0	PASS	397	BND	-1	-1	3	3	-1	-1	0.158	0.158	SVTYPE=BND;MATEID=ID_17724_2;TUMOUR_READ_SUPPORT=3;TUMOUR_ALN_SUPPORT=3;NORMAL_READ_SUPPORT=0;NORMAL_ALN_SUPPORT=0;SVLEN=397;BP_NOTATION=+-;SOURCE=CIGAR;CLUSTERED_READS_TUMOUR=3;CLUSTERED_READS_NORMAL=0;ORIGIN_STARTS_STD_DEV=0.471;ORIGIN_MAPQ_MEAN=60;ORIGIN_EVENT_SIZE_STD_DEV=0.471;ORIGIN_EVENT_SIZE_MEDIAN=397;ORIGIN_EVENT_SIZE_MEAN=396.667;END_STARTS_STD_DEV=0;END_MAPQ_MEAN=60;END_EVENT_SIZE_STD_DEV=0.471;END_EVENT_SIZE_MEDIAN=397;END_EVENT_SIZE_MEAN=396.667;TUMOUR_DP_BEFORE=19,19;TUMOUR_DP_AT=19,19;TUMOUR_DP_AFTER=19,19;NORMAL_DP_BEFORE=18,18;NORMAL_DP_AT=18,18;NORMAL_DP_AFTER=18,18;TUMOUR_AF=0.158,0.158;NORMAL_AF=0,0;TUMOUR_TOTAL_HP_AT=0,0,19;NORMAL_TOTAL_HP_AT=0,0,18;TUMOUR_ALT_HP=0,0,3;NORMAL_ALT_HP=0,0,0;CLASS=PASSED_SOMATIC	GT=0/1	
3	colo829	colo829-dna-pacbio_minimap2_mdtagged_sorted	pacbio	savana	chr1	909245	+	D	chr1	909642	+	U		-1.0	PASS	397	BND	-1	-1	3	3	-1	-1	0.158	0.158	SVTYPE=BND;MATEID=ID_17725_2;TUMOUR_READ_SUPPORT=3;TUMOUR_ALN_SUPPORT=3;NORMAL_READ_SUPPORT=0;NORMAL_ALN_SUPPORT=0;SVLEN=397;BP_NOTATION=+-;SOURCE=CIGAR;CLUSTERED_READS_TUMOUR=3;CLUSTERED_READS_NORMAL=0;ORIGIN_STARTS_STD_DEV=2.357;ORIGIN_MAPQ_MEAN=60;ORIGIN_EVENT_SIZE_STD_DEV=0;ORIGIN_EVENT_SIZE_MEDIAN=397;ORIGIN_EVENT_SIZE_MEAN=397;END_STARTS_STD_DEV=2.357;END_MAPQ_MEAN=60;END_EVENT_SIZE_STD_DEV=0;END_EVENT_SIZE_MEDIAN=397;END_EVENT_SIZE_MEAN=397;TUMOUR_DP_BEFORE=19,19;TUMOUR_DP_AT=19,19;TUMOUR_DP_AFTER=19,19;NORMAL_DP_BEFORE=18,18;NORMAL_DP_AT=18,18;NORMAL_DP_AFTER=18,18;TUMOUR_AF=0.158,0.158;NORMAL_AF=0,0;TUMOUR_TOTAL_HP_AT=0,0,19;NORMAL_TOTAL_HP_AT=0,0,18;TUMOUR_ALT_HP=0,0,3;NORMAL_ALT_HP=0,0,0;CLASS=PASSED_SOMATIC	GT=0/1	
4	colo829	colo829-dna-pacbio_minimap2_mdtagged_sorted	pacbio	savana	chr1	6155146	+	D	chr1	6155187	+	U		-1.0	PASS	41	BND	-1	-1	3	3	-1	-1	0.13	0.13	SVTYPE=BND;MATEID=ID_18124_2;TUMOUR_READ_SUPPORT=3;TUMOUR_ALN_SUPPORT=3;NORMAL_READ_SUPPORT=0;NORMAL_ALN_SUPPORT=0;SVLEN=41;BP_NOTATION=+-;SOURCE=CIGAR;CLUSTERED_READS_TUMOUR=18;CLUSTERED_READS_NORMAL=11;ORIGIN_STARTS_STD_DEV=2.828;ORIGIN_MAPQ_MEAN=60;ORIGIN_EVENT_SIZE_STD_DEV=0;ORIGIN_EVENT_SIZE_MEDIAN=41;ORIGIN_EVENT_SIZE_MEAN=41;END_STARTS_STD_DEV=2.828;END_MAPQ_MEAN=60;END_EVENT_SIZE_STD_DEV=0;END_EVENT_SIZE_MEDIAN=41;END_EVENT_SIZE_MEAN=41;TUMOUR_DP_BEFORE=23,23;TUMOUR_DP_AT=23,23;TUMOUR_DP_AFTER=23,23;NORMAL_DP_BEFORE=21,21;NORMAL_DP_AT=21,21;NORMAL_DP_AFTER=21,21;TUMOUR_AF=0.13,0.13;NORMAL_AF=0,0;TUMOUR_TOTAL_HP_AT=0,0,23;NORMAL_TOTAL_HP_AT=0,0,21;TUMOUR_ALT_HP=0,0,3;NORMAL_ALT_HP=0,0,0;CLASS=PASSED_SOMATIC	GT=0/1	
5	colo829	colo829-dna-pacbio_minimap2_mdtagged_sorted	pacbio	savana	chr1	10187639	+	D	chr1	10187640	+	U	<INS>	-1.0	PASS	5	INS	-1	-1	5	5	-1	-1	0.114	0.114	SVTYPE=INS;TUMOUR_READ_SUPPORT=5;TUMOUR_ALN_SUPPORT=5;NORMAL_READ_SUPPORT=0;NORMAL_ALN_SUPPORT=0;SVLEN=134;BP_NOTATION=<INS>;SOURCE=CIGAR;CLUSTERED_READS_TUMOUR=82;CLUSTERED_READS_NORMAL=104;ORIGIN_STARTS_STD_DEV=2.713;ORIGIN_MAPQ_MEAN=60;ORIGIN_EVENT_SIZE_STD_DEV=4.308;ORIGIN_EVENT_SIZE_MEDIAN=136;ORIGIN_EVENT_SIZE_MEAN=134.8;END_STARTS_STD_DEV=2.713;END_MAPQ_MEAN=60;END_EVENT_SIZE_STD_DEV=4.308;END_EVENT_SIZE_MEDIAN=136;END_EVENT_SIZE_MEAN=134.8;TUMOUR_DP_BEFORE=44,44;TUMOUR_DP_AT=44,44;TUMOUR_DP_AFTER=44,44;NORMAL_DP_BEFORE=53,53;NORMAL_DP_AT=53,53;NORMAL_DP_AFTER=53,53;TUMOUR_AF=0.114,0.114;NORMAL_AF=0,0;TUMOUR_TOTAL_HP_AT=0,0,44;NORMAL_TOTAL_HP_AT=0,0,53;TUMOUR_ALT_HP=0,0,5;NORMAL_ALT_HP=0,0,0;CLASS=PASSED_SOMATIC	GT=0/1	
6	colo829	colo829-dna-pacbio_minimap2_mdtagged_sorted	pacbio	savana	chr1	27853470	+	D	chr1	27854042	+	U		-1.0	PASS	572	BND	-1	-1	3	3	-1	-1	0.094	0.103	SVTYPE=BND;MATEID=ID_18529_2;TUMOUR_READ_SUPPORT=3;TUMOUR_ALN_SUPPORT=3;NORMAL_READ_SUPPORT=0;NORMAL_ALN_SUPPORT=0;SVLEN=572;BP_NOTATION=+-;SOURCE=CIGAR;CLUSTERED_READS_TUMOUR=3;CLUSTERED_READS_NORMAL=0;ORIGIN_STARTS_STD_DEV=0;ORIGIN_MAPQ_MEAN=60;ORIGIN_EVENT_SIZE_STD_DEV=0;ORIGIN_EVENT_SIZE_MEDIAN=572;ORIGIN_EVENT_SIZE_MEAN=572;END_STARTS_STD_DEV=0;END_MAPQ_MEAN=60;END_EVENT_SIZE_STD_DEV=0;END_EVENT_SIZE_MEDIAN=572;END_EVENT_SIZE_MEAN=572;TUMOUR_DP_BEFORE=32,29;TUMOUR_DP_AT=32,29;TUMOUR_DP_AFTER=32,29;NORMAL_DP_BEFORE=38,35;NORMAL_DP_AT=38,35;NORMAL_DP_AFTER=38,35;TUMOUR_AF=0.094,0.103;NORMAL_AF=0,0;TUMOUR_TOTAL_HP_AT=0,0,32;NORMAL_TOTAL_HP_AT=0,0,38;TUMOUR_ALT_HP=0,0,3;NORMAL_ALT_HP=0,0,0;CLASS=PASSED_SOMATIC	GT=0/1	
7	colo829	colo829-dna-pacbio_minimap2_mdtagged_sorted	pacbio	savana	chr1	31431858	+	D	chr1	31431859	+	U	<INS>	-1.0	PASS	5	INS	-1	-1	3	3	-1	-1	0.036	0.036	SVTYPE=INS;TUMOUR_READ_SUPPORT=3;TUMOUR_ALN_SUPPORT=3;NORMAL_READ_SUPPORT=0;NORMAL_ALN_SUPPORT=0;SVLEN=503;BP_NOTATION=<INS>;SOURCE=CIGAR;CLUSTERED_READS_TUMOUR=114;CLUSTERED_READS_NORMAL=184;ORIGIN_STARTS_STD_DEV=0;ORIGIN_MAPQ_MEAN=60;ORIGIN_EVENT_SIZE_STD_DEV=0.471;ORIGIN_EVENT_SIZE_MEDIAN=504;ORIGIN_EVENT_SIZE_MEAN=503.667;END_STARTS_STD_DEV=0;END_MAPQ_MEAN=60;END_EVENT_SIZE_STD_DEV=0.471;END_EVENT_SIZE_MEDIAN=504;END_EVENT_SIZE_MEAN=503.667;TUMOUR_DP_BEFORE=83,83;TUMOUR_DP_AT=83,83;TUMOUR_DP_AFTER=83,83;NORMAL_DP_BEFORE=104,104;NORMAL_DP_AT=104,104;NORMAL_DP_AFTER=104,104;TUMOUR_AF=0.036,0.036;NORMAL_AF=0,0;TUMOUR_TOTAL_HP_AT=0,0,83;NORMAL_TOTAL_HP_AT=0,0,104;TUMOUR_ALT_HP=0,0,3;NORMAL_ALT_HP=0,0,0;CLASS=PASSED_SOMATIC	GT=0/1	
8	colo829	colo829-dna-pacbio_minimap2_mdtagged_sorted	pacbio	savana	chr1	58629921	+	U	chrX	45983325	-	U		-1.0	PASS	-1	TRA	-1	-1	3	3	-1	-1	0.064	0.058	SVTYPE=BND;MATEID=ID_18903_2;TUMOUR_READ_SUPPORT=3;TUMOUR_ALN_SUPPORT=3;NORMAL_READ_SUPPORT=0;NORMAL_ALN_SUPPORT=0;SVLEN=0;BP_NOTATION=--;SOURCE=SUPPLEMENTARY;CLUSTERED_READS_TUMOUR=5;CLUSTERED_READS_NORMAL=2;ORIGIN_STARTS_STD_DEV=0;ORIGIN_MAPQ_MEAN=60;ORIGIN_EVENT_SIZE_STD_DEV=0;ORIGIN_EVENT_SIZE_MEDIAN=0;ORIGIN_EVENT_SIZE_MEAN=0;END_STARTS_STD_DEV=0;END_MAPQ_MEAN=60;END_EVENT_SIZE_STD_DEV=0;END_EVENT_SIZE_MEDIAN=0;END_EVENT_SIZE_MEAN=0;TUMOUR_DP_BEFORE=42,52;TUMOUR_DP_AT=47,52;TUMOUR_DP_AFTER=48,52;NORMAL_DP_BEFORE=71,35;NORMAL_DP_AT=73,35;NORMAL_DP_AFTER=73,35;TUMOUR_AF=0.064,0.058;NORMAL_AF=0,0;TUMOUR_TOTAL_HP_AT=0,0,47;NORMAL_TOTAL_HP_AT=0,0,73;TUMOUR_ALT_HP=0,0,3;NORMAL_ALT_HP=0,0,0;CLASS=PASSED_SOMATIC	GT=0/1	
9	colo829	colo829-dna-pacbio_minimap2_mdtagged_sorted	pacbio	savana	chr1	64415641	+	D	chr1	64415818	+	U		-1.0	PASS	177	BND	-1	-1	3	3	-1	-1	0.052	0.052	SVTYPE=BND;MATEID=ID_18964_2;TUMOUR_READ_SUPPORT=3;TUMOUR_ALN_SUPPORT=3;NORMAL_READ_SUPPORT=0;NORMAL_ALN_SUPPORT=0;SVLEN=177;BP_NOTATION=+-;SOURCE=CIGAR;CLUSTERED_READS_TUMOUR=3;CLUSTERED_READS_NORMAL=0;ORIGIN_STARTS_STD_DEV=0.943;ORIGIN_MAPQ_MEAN=60;ORIGIN_EVENT_SIZE_STD_DEV=1.414;ORIGIN_EVENT_SIZE_MEDIAN=177;ORIGIN_EVENT_SIZE_MEAN=176;END_STARTS_STD_DEV=0.471;END_MAPQ_MEAN=60;END_EVENT_SIZE_STD_DEV=1.414;END_EVENT_SIZE_MEDIAN=177;END_EVENT_SIZE_MEAN=176;TUMOUR_DP_BEFORE=58,58;TUMOUR_DP_AT=58,58;TUMOUR_DP_AFTER=58,58;NORMAL_DP_BEFORE=58,57;NORMAL_DP_AT=58,57;NORMAL_DP_AFTER=58,57;TUMOUR_AF=0.052,0.052;NORMAL_AF=0,0;TUMOUR_TOTAL_HP_AT=0,0,58;NORMAL_TOTAL_HP_AT=0,0,58;TUMOUR_ALT_HP=0,0,3;NORMAL_ALT_HP=0,0,0;CLASS=PASSED_SOMATIC	GT=0/1	
10	colo829	colo829-dna-pacbio_minimap2_mdtagged_sorted	pacbio	savana	chr1	67082822	+	D	chr6	161760236	-	D		-1.0	PASS	-1	TRA	-1	-1	3	3	-1	-1	0.038	0.051	SVTYPE=BND;MATEID=ID_18996_2;TUMOUR_READ_SUPPORT=3;TUMOUR_ALN_SUPPORT=3;NORMAL_READ_SUPPORT=0;NORMAL_ALN_SUPPORT=0;SVLEN=0;BP_NOTATION=++;SOURCE=SUPPLEMENTARY;CLUSTERED_READS_TUMOUR=3;CLUSTERED_READS_NORMAL=0;ORIGIN_STARTS_STD_DEV=0;ORIGIN_MAPQ_MEAN=60;ORIGIN_EVENT_SIZE_STD_DEV=0;ORIGIN_EVENT_SIZE_MEDIAN=0;ORIGIN_EVENT_SIZE_MEAN=0;END_STARTS_STD_DEV=3.771;END_MAPQ_MEAN=60;END_EVENT_SIZE_STD_DEV=0;END_EVENT_SIZE_MEDIAN=0;END_EVENT_SIZE_MEAN=0;TUMOUR_DP_BEFORE=81,80;TUMOUR_DP_AT=78,59;TUMOUR_DP_AFTER=78,59;NORMAL_DP_BEFORE=89,85;NORMAL_DP_AT=89,74;NORMAL_DP_AFTER=89,74;TUMOUR_AF=0.038,0.051;NORMAL_AF=0,0;TUMOUR_TOTAL_HP_AT=0,0,78;NORMAL_TOTAL_HP_AT=0,0,89;TUMOUR_ALT_HP=0,0,3;NORMAL_ALT_HP=0,0,0;CLASS=PASSED_SOMATIC	GT=0/1	
11	colo829	colo829-dna-pacbio_minimap2_mdtagged_sorted	pacbio	savana	chr1	70647930	+	D	chr1	70647931	+	U	<INS>	-1.0	PASS	5	INS	-1	-1	4	4	-1	-1	0.062	0.062	SVTYPE=INS;TUMOUR_READ_SUPPORT=4;TUMOUR_ALN_SUPPORT=4;NORMAL_READ_SUPPORT=0;NORMAL_ALN_SUPPORT=0;SVLEN=44;BP_NOTATION=<INS>;SOURCE=CIGAR;CLUSTERED_READS_TUMOUR=4;CLUSTERED_READS_NORMAL=6;ORIGIN_STARTS_STD_DEV=0;ORIGIN_MAPQ_MEAN=60;ORIGIN_EVENT_SIZE_STD_DEV=0.433;ORIGIN_EVENT_SIZE_MEDIAN=44;ORIGIN_EVENT_SIZE_MEAN=44.25;END_STARTS_STD_DEV=0;END_MAPQ_MEAN=60;END_EVENT_SIZE_STD_DEV=0.433;END_EVENT_SIZE_MEDIAN=44;END_EVENT_SIZE_MEAN=44.25;TUMOUR_DP_BEFORE=64,64;TUMOUR_DP_AT=64,64;TUMOUR_DP_AFTER=64,64;NORMAL_DP_BEFORE=68,68;NORMAL_DP_AT=68,68;NORMAL_DP_AFTER=68,68;TUMOUR_AF=0.062,0.062;NORMAL_AF=0,0;TUMOUR_TOTAL_HP_AT=0,0,64;NORMAL_TOTAL_HP_AT=0,0,68;TUMOUR_ALT_HP=0,0,4;NORMAL_ALT_HP=0,0,0;CLASS=PASSED_SOMATIC	GT=0/1	
12	colo829	colo829-dna-pacbio_minimap2_mdtagged_sorted	pacbio	savana	chr1	82046346	+	D	chr1	82046383	+	U		-1.0	PASS	37	BND	-1	-1	3	3	-1	-1	0.048	0.048	SVTYPE=BND;MATEID=ID_19190_2;TUMOUR_READ_SUPPORT=3;TUMOUR_ALN_SUPPORT=3;NORMAL_READ_SUPPORT=0;NORMAL_ALN_SUPPORT=0;SVLEN=37;BP_NOTATION=+-;SOURCE=CIGAR;CLUSTERED_READS_TUMOUR=62;CLUSTERED_READS_NORMAL=81;ORIGIN_STARTS_STD_DEV=5.099;ORIGIN_MAPQ_MEAN=60;ORIGIN_EVENT_SIZE_STD_DEV=0.471;ORIGIN_EVENT_SIZE_MEDIAN=38;ORIGIN_EVENT_SIZE_MEAN=37.667;END_STARTS_STD_DEV=5.249;END_MAPQ_MEAN=60;END_EVENT_SIZE_STD_DEV=0.471;END_EVENT_SIZE_MEDIAN=38;END_EVENT_SIZE_MEAN=37.667;TUMOUR_DP_BEFORE=62,62;TUMOUR_DP_AT=62,62;TUMOUR_DP_AFTER=62,62;NORMAL_DP_BEFORE=81,81;NORMAL_DP_AT=81,81;NORMAL_DP_AFTER=81,81;TUMOUR_AF=0.048,0.048;NORMAL_AF=0,0;TUMOUR_TOTAL_HP_AT=0,0,62;NORMAL_TOTAL_HP_AT=0,0,81;TUMOUR_ALT_HP=0,0,3;NORMAL_ALT_HP=0,0,0;CLASS=PASSED_SOMATIC	GT=0/1	
13	colo829	colo829-dna-pacbio_minimap2_mdtagged_sorted	pacbio	savana	chr1	86871329	+	D	chr10	33097536	-	D		-1.0	PASS	-1	TRA	-1	-1	11	11	-1	-1	0.208	0.282	SVTYPE=BND;MATEID=ID_19251_2;TUMOUR_READ_SUPPORT=11;TUMOUR_ALN_SUPPORT=11;NORMAL_READ_SUPPORT=0;NORMAL_ALN_SUPPORT=0;SVLEN=0;BP_NOTATION=++;SOURCE=SUPPLEMENTARY;CLUSTERED_READS_TUMOUR=11;CLUSTERED_READS_NORMAL=0;ORIGIN_STARTS_STD_DEV=0.498;ORIGIN_MAPQ_MEAN=60;ORIGIN_EVENT_SIZE_STD_DEV=0;ORIGIN_EVENT_SIZE_MEDIAN=0;ORIGIN_EVENT_SIZE_MEAN=0;END_STARTS_STD_DEV=3.026;END_MAPQ_MEAN=60;END_EVENT_SIZE_STD_DEV=0;END_EVENT_SIZE_MEDIAN=0;END_EVENT_SIZE_MEAN=0;TUMOUR_DP_BEFORE=64,49;TUMOUR_DP_AT=53,39;TUMOUR_DP_AFTER=53,39;NORMAL_DP_BEFORE=76,70;NORMAL_DP_AT=76,70;NORMAL_DP_AFTER=76,70;TUMOUR_AF=0.208,0.282;NORMAL_AF=0,0;TUMOUR_TOTAL_HP_AT=0,0,53;NORMAL_TOTAL_HP_AT=0,0,76;TUMOUR_ALT_HP=0,0,11;NORMAL_ALT_HP=0,0,0;CLASS=PASSED_SOMATIC	GT=0/1	
14	colo829	colo829-dna-pacbio_minimap2_mdtagged_sorted	pacbio	savana	chr1	90479350	+	D	chr1	90479382	+	U		-1.0	PASS	32	BND	-1	-1	3	3	-1	-1	0.057	0.057	SVTYPE=BND;MATEID=ID_19288_2;TUMOUR_READ_SUPPORT=3;TUMOUR_ALN_SUPPORT=3;NORMAL_READ_SUPPORT=0;NORMAL_ALN_SUPPORT=0;SVLEN=32;BP_NOTATION=+-;SOURCE=CIGAR;CLUSTERED_READS_TUMOUR=4;CLUSTERED_READS_NORMAL=51;ORIGIN_STARTS_STD_DEV=4.714;ORIGIN_MAPQ_MEAN=60;ORIGIN_EVENT_SIZE_STD_DEV=1.886;ORIGIN_EVENT_SIZE_MEDIAN=32;ORIGIN_EVENT_SIZE_MEAN=33.333;END_STARTS_STD_DEV=6.6;END_MAPQ_MEAN=60;END_EVENT_SIZE_STD_DEV=1.886;END_EVENT_SIZE_MEDIAN=32;END_EVENT_SIZE_MEAN=33.333;TUMOUR_DP_BEFORE=53,53;TUMOUR_DP_AT=53,53;TUMOUR_DP_AFTER=53,53;NORMAL_DP_BEFORE=75,74;NORMAL_DP_AT=75,74;NORMAL_DP_AFTER=75,74;TUMOUR_AF=0.057,0.057;NORMAL_AF=0,0;TUMOUR_TOTAL_HP_AT=0,0,53;NORMAL_TOTAL_HP_AT=0,0,75;TUMOUR_ALT_HP=0,0,3;NORMAL_ALT_HP=0,0,0;CLASS=PASSED_SOMATIC	GT=0/1	
15	colo829	colo829-dna-pacbio_minimap2_mdtagged_sorted	pacbio	savana	chr1	97323606	+	D	chr1	97323649	+	U		-1.0	PASS	43	BND	-1	-1	3	3	-1	-1	0.061	0.061	SVTYPE=BND;MATEID=ID_19360_2;TUMOUR_READ_SUPPORT=3;TUMOUR_ALN_SUPPORT=3;NORMAL_READ_SUPPORT=0;NORMAL_ALN_SUPPORT=0;SVLEN=43;BP_NOTATION=+-;SOURCE=CIGAR;CLUSTERED_READS_TUMOUR=48;CLUSTERED_READS_NORMAL=36;ORIGIN_STARTS_STD_DEV=2.16;ORIGIN_MAPQ_MEAN=60;ORIGIN_EVENT_SIZE_STD_DEV=1.247;ORIGIN_EVENT_SIZE_MEDIAN=44;ORIGIN_EVENT_SIZE_MEAN=43.667;END_STARTS_STD_DEV=1.247;END_MAPQ_MEAN=60;END_EVENT_SIZE_STD_DEV=1.247;END_EVENT_SIZE_MEDIAN=44;END_EVENT_SIZE_MEAN=43.667;TUMOUR_DP_BEFORE=49,49;TUMOUR_DP_AT=49,49;TUMOUR_DP_AFTER=49,49;NORMAL_DP_BEFORE=71,71;NORMAL_DP_AT=71,71;NORMAL_DP_AFTER=71,71;TUMOUR_AF=0.061,0.061;NORMAL_AF=0,0;TUMOUR_TOTAL_HP_AT=0,0,49;NORMAL_TOTAL_HP_AT=0,0,71;TUMOUR_ALT_HP=0,0,3;NORMAL_ALT_HP=0,0,0;CLASS=PASSED_SOMATIC	GT=0/1	
16	colo829	colo829-dna-pacbio_minimap2_mdtagged_sorted	pacbio	savana	chr1	97898153	+	U	chr4	46054140	-	U		-1.0	PASS	-1	TRA	-1	-1	3	3	-1	-1	0.05	0.071	SVTYPE=BND;MATEID=ID_19364_2;TUMOUR_READ_SUPPORT=3;TUMOUR_ALN_SUPPORT=3;NORMAL_READ_SUPPORT=0;NORMAL_ALN_SUPPORT=0;SVLEN=0;BP_NOTATION=--;SOURCE=SUPPLEMENTARY;CLUSTERED_READS_TUMOUR=46;CLUSTERED_READS_NORMAL=41;ORIGIN_STARTS_STD_DEV=0.471;ORIGIN_MAPQ_MEAN=60;ORIGIN_EVENT_SIZE_STD_DEV=0;ORIGIN_EVENT_SIZE_MEDIAN=0;ORIGIN_EVENT_SIZE_MEAN=0;END_STARTS_STD_DEV=0;END_MAPQ_MEAN=60;END_EVENT_SIZE_STD_DEV=0;END_EVENT_SIZE_MEDIAN=0;END_EVENT_SIZE_MEAN=0;TUMOUR_DP_BEFORE=51,42;TUMOUR_DP_AT=60,42;TUMOUR_DP_AFTER=60,42;NORMAL_DP_BEFORE=71,70;NORMAL_DP_AT=74,70;NORMAL_DP_AFTER=74,70;TUMOUR_AF=0.05,0.071;NORMAL_AF=0,0;TUMOUR_TOTAL_HP_AT=0,0,60;NORMAL_TOTAL_HP_AT=0,0,74;TUMOUR_ALT_HP=0,0,3;NORMAL_ALT_HP=0,0,0;CLASS=PASSED_SOMATIC	GT=0/1	
17	colo829	colo829-dna-pacbio_minimap2_mdtagged_sorted	pacbio	savana	chr1	103043114	+	D	chr1	103043155	+	U		-1.0	PASS	41	BND	-1	-1	3	3	-1	-1	0.045	0.045	SVTYPE=BND;MATEID=ID_19424_2;TUMOUR_READ_SUPPORT=3;TUMOUR_ALN_SUPPORT=3;NORMAL_READ_SUPPORT=0;NORMAL_ALN_SUPPORT=0;SVLEN=41;BP_NOTATION=+-;SOURCE=CIGAR;CLUSTERED_READS_TUMOUR=65;CLUSTERED_READS_NORMAL=53;ORIGIN_STARTS_STD_DEV=2.828;ORIGIN_MAPQ_MEAN=60;ORIGIN_EVENT_SIZE_STD_DEV=0;ORIGIN_EVENT_SIZE_MEDIAN=41;ORIGIN_EVENT_SIZE_MEAN=41;END_STARTS_STD_DEV=2.828;END_MAPQ_MEAN=60;END_EVENT_SIZE_STD_DEV=0;END_EVENT_SIZE_MEDIAN=41;END_EVENT_SIZE_MEAN=41;TUMOUR_DP_BEFORE=66,66;TUMOUR_DP_AT=66,66;TUMOUR_DP_AFTER=66,66;NORMAL_DP_BEFORE=103,103;NORMAL_DP_AT=103,103;NORMAL_DP_AFTER=103,103;TUMOUR_AF=0.045,0.045;NORMAL_AF=0,0;TUMOUR_TOTAL_HP_AT=0,0,66;NORMAL_TOTAL_HP_AT=0,0,103;TUMOUR_ALT_HP=0,0,3;NORMAL_ALT_HP=0,0,0;CLASS=PASSED_SOMATIC	GT=0/1	
18	colo829	colo829-dna-pacbio_minimap2_mdtagged_sorted	pacbio	savana	chr1	104843813	+	U	chr4	102422588	-	U		-1.0	PASS	-1	TRA	-1	-1	3	3	-1	-1	0.042	0.028	SVTYPE=BND;MATEID=ID_19457_2;TUMOUR_READ_SUPPORT=3;TUMOUR_ALN_SUPPORT=3;NORMAL_READ_SUPPORT=0;NORMAL_ALN_SUPPORT=0;SVLEN=0;BP_NOTATION=--;SOURCE=SUPPLEMENTARY;CLUSTERED_READS_TUMOUR=3;CLUSTERED_READS_NORMAL=0;ORIGIN_STARTS_STD_DEV=0;ORIGIN_MAPQ_MEAN=60;ORIGIN_EVENT_SIZE_STD_DEV=0;ORIGIN_EVENT_SIZE_MEDIAN=0;ORIGIN_EVENT_SIZE_MEAN=0;END_STARTS_STD_DEV=0;END_MAPQ_MEAN=60;END_EVENT_SIZE_STD_DEV=0;END_EVENT_SIZE_MEDIAN=0;END_EVENT_SIZE_MEAN=0;TUMOUR_DP_BEFORE=68,98;TUMOUR_DP_AT=71,106;TUMOUR_DP_AFTER=71,106;NORMAL_DP_BEFORE=63,79;NORMAL_DP_AT=63,85;NORMAL_DP_AFTER=63,85;TUMOUR_AF=0.042,0.028;NORMAL_AF=0,0;TUMOUR_TOTAL_HP_AT=0,0,71;NORMAL_TOTAL_HP_AT=0,0,63;TUMOUR_ALT_HP=0,0,3;NORMAL_ALT_HP=0,0,0;CLASS=PASSED_SOMATIC	GT=0/1	
19	colo829	colo829-dna-pacbio_minimap2_mdtagged_sorted	pacbio	savana	chr1	108523881	+	D	chr1	108523921	+	U		-1.0	PASS	40	BND	-1	-1	3	3	-1	-1	0.058	0.058	SVTYPE=BND;MATEID=ID_19500_2;TUMOUR_READ_SUPPORT=3;TUMOUR_ALN_SUPPORT=3;NORMAL_READ_SUPPORT=0;NORMAL_ALN_SUPPORT=0;SVLEN=40;BP_NOTATION=+-;SOURCE=CIGAR;CLUSTERED_READS_TUMOUR=48;CLUSTERED_READS_NORMAL=34;ORIGIN_STARTS_STD_DEV=2.625;ORIGIN_MAPQ_MEAN=60;ORIGIN_EVENT_SIZE_STD_DEV=2.055;ORIGIN_EVENT_SIZE_MEDIAN=39;ORIGIN_EVENT_SIZE_MEAN=38.667;END_STARTS_STD_DEV=4.497;END_MAPQ_MEAN=60;END_EVENT_SIZE_STD_DEV=2.055;END_EVENT_SIZE_MEDIAN=39;END_EVENT_SIZE_MEAN=38.667;TUMOUR_DP_BEFORE=52,52;TUMOUR_DP_AT=52,52;TUMOUR_DP_AFTER=52,52;NORMAL_DP_BEFORE=69,71;NORMAL_DP_AT=69,71;NORMAL_DP_AFTER=69,71;TUMOUR_AF=0.058,0.058;NORMAL_AF=0,0;TUMOUR_TOTAL_HP_AT=0,0,52;NORMAL_TOTAL_HP_AT=0,0,69;TUMOUR_ALT_HP=0,0,3;NORMAL_ALT_HP=0,0,0;CLASS=PASSED_SOMATIC	GT=0/1	
20	colo829	colo829-dna-pacbio_minimap2_mdtagged_sorted	pacbio	savana	chr1	112773455	+	U	chrX	76217790	-	U		-1.0	PASS	-1	TRA	-1	-1	3	3	-1	-1	0.067	0.061	SVTYPE=BND;MATEID=ID_19564_2;TUMOUR_READ_SUPPORT=3;TUMOUR_ALN_SUPPORT=3;NORMAL_READ_SUPPORT=0;NORMAL_ALN_SUPPORT=0;SVLEN=0;BP_NOTATION=--;SOURCE=SUPPLEMENTARY;CLUSTERED_READS_TUMOUR=6;CLUSTERED_READS_NORMAL=5;ORIGIN_STARTS_STD_DEV=0;ORIGIN_MAPQ_MEAN=60;ORIGIN_EVENT_SIZE_STD_DEV=0;ORIGIN_EVENT_SIZE_MEDIAN=0;ORIGIN_EVENT_SIZE_MEAN=0;END_STARTS_STD_DEV=0;END_MAPQ_MEAN=60;END_EVENT_SIZE_STD_DEV=0;END_EVENT_SIZE_MEDIAN=0;END_EVENT_SIZE_MEAN=0;TUMOUR_DP_BEFORE=45,44;TUMOUR_DP_AT=45,49;TUMOUR_DP_AFTER=45,49;NORMAL_DP_BEFORE=52,32;NORMAL_DP_AT=52,34;NORMAL_DP_AFTER=52,34;TUMOUR_AF=0.067,0.061;NORMAL_AF=0,0;TUMOUR_TOTAL_HP_AT=0,0,45;NORMAL_TOTAL_HP_AT=0,0,52;TUMOUR_ALT_HP=0,0,3;NORMAL_ALT_HP=0,0,0;CLASS=PASSED_SOMATIC	GT=0/1	
21	colo829	colo829-dna-pacbio_minimap2_mdtagged_sorted	pacbio	savana	chr1	117973563	+	D	chr1	117973598	+	U		-1.0	PASS	35	BND	-1	-1	16	16	-1	-1	0.457	0.457	SVTYPE=BND;MATEID=ID_19613_2;TUMOUR_READ_SUPPORT=16;TUMOUR_ALN_SUPPORT=16;NORMAL_READ_SUPPORT=0;NORMAL_ALN_SUPPORT=0;SVLEN=35;BP_NOTATION=+-;SOURCE=CIGAR;CLUSTERED_READS_TUMOUR=16;CLUSTERED_READS_NORMAL=0;ORIGIN_STARTS_STD_DEV=0;ORIGIN_MAPQ_MEAN=60;ORIGIN_EVENT_SIZE_STD_DEV=0;ORIGIN_EVENT_SIZE_MEDIAN=35;ORIGIN_EVENT_SIZE_MEAN=35;END_STARTS_STD_DEV=0;END_MAPQ_MEAN=60;END_EVENT_SIZE_STD_DEV=0;END_EVENT_SIZE_MEDIAN=35;END_EVENT_SIZE_MEAN=35;TUMOUR_DP_BEFORE=35,35;TUMOUR_DP_AT=35,35;TUMOUR_DP_AFTER=35,35;NORMAL_DP_BEFORE=75,75;NORMAL_DP_AT=75,75;NORMAL_DP_AFTER=75,75;TUMOUR_AF=0.457,0.457;NORMAL_AF=0,0;TUMOUR_TOTAL_HP_AT=0,0,35;NORMAL_TOTAL_HP_AT=0,0,75;TUMOUR_ALT_HP=0,0,16;NORMAL_ALT_HP=0,0,0;CLASS=PASSED_SOMATIC	GT=0/1	
22	colo829	colo829-dna-pacbio_minimap2_mdtagged_sorted	pacbio	savana	chr1	119421429	+	D	chr1	119421477	+	U		-1.0	PASS	48	BND	-1	-1	3	3	-1	-1	0.057	0.057	SVTYPE=BND;MATEID=ID_19632_2;TUMOUR_READ_SUPPORT=3;TUMOUR_ALN_SUPPORT=3;NORMAL_READ_SUPPORT=0;NORMAL_ALN_SUPPORT=0;SVLEN=48;BP_NOTATION=+-;SOURCE=CIGAR;CLUSTERED_READS_TUMOUR=53;CLUSTERED_READS_NORMAL=25;ORIGIN_STARTS_STD_DEV=0;ORIGIN_MAPQ_MEAN=60;ORIGIN_EVENT_SIZE_STD_DEV=0;ORIGIN_EVENT_SIZE_MEDIAN=48;ORIGIN_EVENT_SIZE_MEAN=48;END_STARTS_STD_DEV=0;END_MAPQ_MEAN=60;END_EVENT_SIZE_STD_DEV=0;END_EVENT_SIZE_MEDIAN=48;END_EVENT_SIZE_MEAN=48;TUMOUR_DP_BEFORE=53,53;TUMOUR_DP_AT=53,53;TUMOUR_DP_AFTER=53,53;NORMAL_DP_BEFORE=47,47;NORMAL_DP_AT=47,47;NORMAL_DP_AFTER=47,47;TUMOUR_AF=0.057,0.057;NORMAL_AF=0,0;TUMOUR_TOTAL_HP_AT=0,0,53;NORMAL_TOTAL_HP_AT=0,0,47;TUMOUR_ALT_HP=0,0,3;NORMAL_ALT_HP=0,0,0;CLASS=PASSED_SOMATIC	GT=0/1	
23	colo829	colo829-dna-pacbio_minimap2_mdtagged_sorted	pacbio	savana	chr1	121625921	+	D	chr1	121627784	+	U		-1.0	PASS	1863	BND	-1	-1	4	4	-1	-1	0.098	0.1	SVTYPE=BND;MATEID=ID_19687_2;TUMOUR_READ_SUPPORT=4;TUMOUR_ALN_SUPPORT=4;NORMAL_READ_SUPPORT=0;NORMAL_ALN_SUPPORT=0;SVLEN=1863;BP_NOTATION=+-;SOURCE=CIGAR;CLUSTERED_READS_TUMOUR=4;CLUSTERED_READS_NORMAL=0;ORIGIN_STARTS_STD_DEV=0;ORIGIN_MAPQ_MEAN=50.25;ORIGIN_EVENT_SIZE_STD_DEV=0;ORIGIN_EVENT_SIZE_MEDIAN=1863;ORIGIN_EVENT_SIZE_MEAN=1863;END_STARTS_STD_DEV=0;END_MAPQ_MEAN=50.25;END_EVENT_SIZE_STD_DEV=0;END_EVENT_SIZE_MEDIAN=1863;END_EVENT_SIZE_MEAN=1863;TUMOUR_DP_BEFORE=41,40;TUMOUR_DP_AT=41,40;TUMOUR_DP_AFTER=41,40;NORMAL_DP_BEFORE=54,56;NORMAL_DP_AT=54,56;NORMAL_DP_AFTER=54,56;TUMOUR_AF=0.098,0.1;NORMAL_AF=0,0;TUMOUR_TOTAL_HP_AT=0,0,41;NORMAL_TOTAL_HP_AT=0,0,54;TUMOUR_ALT_HP=0,0,4;NORMAL_ALT_HP=0,0,0;CLASS=PASSED_SOMATIC	GT=0/1	
24	colo829	colo829-dna-pacbio_minimap2_mdtagged_sorted	pacbio	savana	chr1	124978168	+	D	chr1	124978328	+	U		-1.0	PASS	160	BND	-1	-1	3	3	-1	-1	0.071	0.071	SVTYPE=BND;MATEID=ID_21876_2;TUMOUR_READ_SUPPORT=3;TUMOUR_ALN_SUPPORT=3;NORMAL_READ_SUPPORT=0;NORMAL_ALN_SUPPORT=0;SVLEN=160;BP_NOTATION=+-;SOURCE=CIGAR;CLUSTERED_READS_TUMOUR=3;CLUSTERED_READS_NORMAL=0;ORIGIN_STARTS_STD_DEV=0.816;ORIGIN_MAPQ_MEAN=60;ORIGIN_EVENT_SIZE_STD_DEV=1.247;ORIGIN_EVENT_SIZE_MEDIAN=160;ORIGIN_EVENT_SIZE_MEAN=159.667;END_STARTS_STD_DEV=0.471;END_MAPQ_MEAN=60;END_EVENT_SIZE_STD_DEV=1.247;END_EVENT_SIZE_MEDIAN=160;END_EVENT_SIZE_MEAN=159.667;TUMOUR_DP_BEFORE=42,42;TUMOUR_DP_AT=42,42;TUMOUR_DP_AFTER=42,42;NORMAL_DP_BEFORE=75,75;NORMAL_DP_AT=75,75;NORMAL_DP_AFTER=75,75;TUMOUR_AF=0.071,0.071;NORMAL_AF=0,0;TUMOUR_TOTAL_HP_AT=0,0,42;NORMAL_TOTAL_HP_AT=0,0,75;TUMOUR_ALT_HP=0,0,3;NORMAL_ALT_HP=0,0,0;CLASS=PASSED_SOMATIC	GT=0/1	
25	colo829	colo829-dna-pacbio_minimap2_mdtagged_sorted	pacbio	savana	chr1	124996279	+	D	chr1	124996449	+	U		-1.0	PASS	170	BND	-1	-1	3	3	-1	-1	0.073	0.073	SVTYPE=BND;MATEID=ID_21879_2;TUMOUR_READ_SUPPORT=3;TUMOUR_ALN_SUPPORT=3;NORMAL_READ_SUPPORT=0;NORMAL_ALN_SUPPORT=0;SVLEN=170;BP_NOTATION=+-;SOURCE=CIGAR;CLUSTERED_READS_TUMOUR=3;CLUSTERED_READS_NORMAL=0;ORIGIN_STARTS_STD_DEV=4.643;ORIGIN_MAPQ_MEAN=60;ORIGIN_EVENT_SIZE_STD_DEV=0.943;ORIGIN_EVENT_SIZE_MEDIAN=172;ORIGIN_EVENT_SIZE_MEAN=171.333;END_STARTS_STD_DEV=4.967;END_MAPQ_MEAN=60;END_EVENT_SIZE_STD_DEV=0.943;END_EVENT_SIZE_MEDIAN=172;END_EVENT_SIZE_MEAN=171.333;TUMOUR_DP_BEFORE=41,41;TUMOUR_DP_AT=41,41;TUMOUR_DP_AFTER=41,41;NORMAL_DP_BEFORE=66,67;NORMAL_DP_AT=66,67;NORMAL_DP_AFTER=66,67;TUMOUR_AF=0.073,0.073;NORMAL_AF=0,0;TUMOUR_TOTAL_HP_AT=0,0,41;NORMAL_TOTAL_HP_AT=0,0,66;TUMOUR_ALT_HP=0,0,3;NORMAL_ALT_HP=0,0,0;CLASS=PASSED_SOMATIC	GT=0/1	
26	colo829	colo829-dna-pacbio_minimap2_mdtagged_sorted	pacbio	savana	chr1	125155490	+	D	chr16	36120600	-	D		-1.0	PASS	-1	TRA	-1	-1	3	3	-1	-1	0.025	0.018	SVTYPE=BND;MATEID=ID_21969_2;TUMOUR_READ_SUPPORT=3;TUMOUR_ALN_SUPPORT=3;NORMAL_READ_SUPPORT=0;NORMAL_ALN_SUPPORT=0;SVLEN=0;BP_NOTATION=++;SOURCE=SUPPLEMENTARY;CLUSTERED_READS_TUMOUR=81;CLUSTERED_READS_NORMAL=81;ORIGIN_STARTS_STD_DEV=0;ORIGIN_MAPQ_MEAN=60;ORIGIN_EVENT_SIZE_STD_DEV=0;ORIGIN_EVENT_SIZE_MEDIAN=0;ORIGIN_EVENT_SIZE_MEAN=0;END_STARTS_STD_DEV=0;END_MAPQ_MEAN=60;END_EVENT_SIZE_STD_DEV=0;END_EVENT_SIZE_MEDIAN=0;END_EVENT_SIZE_MEAN=0;TUMOUR_DP_BEFORE=184,163;TUMOUR_DP_AT=120,163;TUMOUR_DP_AFTER=120,163;NORMAL_DP_BEFORE=174,163;NORMAL_DP_AT=126,164;NORMAL_DP_AFTER=126,163;TUMOUR_AF=0.025,0.018;NORMAL_AF=0,0;TUMOUR_TOTAL_HP_AT=0,0,120;NORMAL_TOTAL_HP_AT=0,0,126;TUMOUR_ALT_HP=0,0,3;NORMAL_ALT_HP=0,0,0;CLASS=PASSED_SOMATIC	GT=0/1	
27	colo829	colo829-dna-pacbio_minimap2_mdtagged_sorted	pacbio	savana	chr1	125171349	+	D	chr1	125174274	+	U		-1.0	PASS	2925	BND	-1	-1	9	9	-1	-1	0.818	0.15	SVTYPE=BND;MATEID=ID_21994_2;TUMOUR_READ_SUPPORT=9;TUMOUR_ALN_SUPPORT=9;NORMAL_READ_SUPPORT=0;NORMAL_ALN_SUPPORT=0;SVLEN=2925;BP_NOTATION=+-;SOURCE=CIGAR;CLUSTERED_READS_TUMOUR=28;CLUSTERED_READS_NORMAL=43;ORIGIN_STARTS_STD_DEV=0;ORIGIN_MAPQ_MEAN=55.333;ORIGIN_EVENT_SIZE_STD_DEV=0;ORIGIN_EVENT_SIZE_MEDIAN=2925;ORIGIN_EVENT_SIZE_MEAN=2925;END_STARTS_STD_DEV=0;END_MAPQ_MEAN=55.333;END_EVENT_SIZE_STD_DEV=0;END_EVENT_SIZE_MEDIAN=2925;END_EVENT_SIZE_MEAN=2925;TUMOUR_DP_BEFORE=43,61;TUMOUR_DP_AT=11,60;TUMOUR_DP_AFTER=11,60;NORMAL_DP_BEFORE=71,79;NORMAL_DP_AT=9,78;NORMAL_DP_AFTER=9,78;TUMOUR_AF=0.818,0.15;NORMAL_AF=0,0;TUMOUR_TOTAL_HP_AT=0,0,11;NORMAL_TOTAL_HP_AT=0,0,9;TUMOUR_ALT_HP=0,0,9;NORMAL_ALT_HP=0,0,0;CLASS=PASSED_SOMATIC	GT=0/1	
28	colo829	colo829-dna-pacbio_minimap2_mdtagged_sorted	pacbio	savana	chr1	125174272	+	D	chr1	125174273	+	U	<INS>	-1.0	PASS	5	INS	-1	-1	3	3	-1	-1	0.05	0.05	SVTYPE=INS;TUMOUR_READ_SUPPORT=3;TUMOUR_ALN_SUPPORT=3;NORMAL_READ_SUPPORT=0;NORMAL_ALN_SUPPORT=0;SVLEN=187;BP_NOTATION=<INS>;SOURCE=CIGAR;CLUSTERED_READS_TUMOUR=4;CLUSTERED_READS_NORMAL=31;ORIGIN_STARTS_STD_DEV=0;ORIGIN_MAPQ_MEAN=52.333;ORIGIN_EVENT_SIZE_STD_DEV=0.816;ORIGIN_EVENT_SIZE_MEDIAN=187;ORIGIN_EVENT_SIZE_MEAN=187;END_STARTS_STD_DEV=0;END_MAPQ_MEAN=52.333;END_EVENT_SIZE_STD_DEV=0.816;END_EVENT_SIZE_MEDIAN=187;END_EVENT_SIZE_MEAN=187;TUMOUR_DP_BEFORE=61,61;TUMOUR_DP_AT=60,60;TUMOUR_DP_AFTER=60,60;NORMAL_DP_BEFORE=79,79;NORMAL_DP_AT=78,78;NORMAL_DP_AFTER=78,78;TUMOUR_AF=0.05,0.05;NORMAL_AF=0,0;TUMOUR_TOTAL_HP_AT=0,0,60;NORMAL_TOTAL_HP_AT=0,0,78;TUMOUR_ALT_HP=0,0,3;NORMAL_ALT_HP=0,0,0;CLASS=PASSED_SOMATIC	GT=0/1	
29	colo829	colo829-dna-pacbio_minimap2_mdtagged_sorted	pacbio	savana	chr1	125174368	+	D	chr1	125174369	+	U	<INS>	-1.0	PASS	5	INS	-1	-1	3	3	-1	-1	0.056	0.056	SVTYPE=INS;TUMOUR_READ_SUPPORT=3;TUMOUR_ALN_SUPPORT=3;NORMAL_READ_SUPPORT=0;NORMAL_ALN_SUPPORT=0;SVLEN=587;BP_NOTATION=<INS>;SOURCE=CIGAR;CLUSTERED_READS_TUMOUR=3;CLUSTERED_READS_NORMAL=13;ORIGIN_STARTS_STD_DEV=0;ORIGIN_MAPQ_MEAN=52.333;ORIGIN_EVENT_SIZE_STD_DEV=2.867;ORIGIN_EVENT_SIZE_MEDIAN=588;ORIGIN_EVENT_SIZE_MEAN=587.667;END_STARTS_STD_DEV=0;END_MAPQ_MEAN=52.333;END_EVENT_SIZE_STD_DEV=2.867;END_EVENT_SIZE_MEDIAN=588;END_EVENT_SIZE_MEAN=587.667;TUMOUR_DP_BEFORE=54,54;TUMOUR_DP_AT=54,54;TUMOUR_DP_AFTER=53,53;NORMAL_DP_BEFORE=78,78;NORMAL_DP_AT=78,78;NORMAL_DP_AFTER=78,78;TUMOUR_AF=0.056,0.056;NORMAL_AF=0,0;TUMOUR_TOTAL_HP_AT=0,0,54;NORMAL_TOTAL_HP_AT=0,0,78;TUMOUR_ALT_HP=0,0,3;NORMAL_ALT_HP=0,0,0;CLASS=PASSED_SOMATIC	GT=0/1	
30	colo829	colo829-dna-pacbio_minimap2_mdtagged_sorted	pacbio	savana	chr1	143224488	+	D	chr1	143184887	+	U		-1.0	PASS	39601	BND	-1	-1	3	3	-1	-1	0.002	0.0	SVTYPE=BND;MATEID=ID_22074_2;TUMOUR_READ_SUPPORT=3;TUMOUR_ALN_SUPPORT=3;NORMAL_READ_SUPPORT=0;NORMAL_ALN_SUPPORT=0;SVLEN=39601;BP_NOTATION=-+;SOURCE=SUPPLEMENTARY;CLUSTERED_READS_TUMOUR=50;CLUSTERED_READS_NORMAL=204;ORIGIN_STARTS_STD_DEV=0;ORIGIN_MAPQ_MEAN=49.333;ORIGIN_EVENT_SIZE_STD_DEV=2.357;ORIGIN_EVENT_SIZE_MEDIAN=39601;ORIGIN_EVENT_SIZE_MEAN=39599.3;END_STARTS_STD_DEV=2.357;END_MAPQ_MEAN=49.333;END_EVENT_SIZE_STD_DEV=2.357;END_EVENT_SIZE_MEDIAN=39601;END_EVENT_SIZE_MEAN=39599.3;TUMOUR_DP_BEFORE=1478,22363;TUMOUR_DP_AT=1647,22176;TUMOUR_DP_AFTER=1653,22170;NORMAL_DP_BEFORE=1571,18795;NORMAL_DP_AT=1686,18644;NORMAL_DP_AFTER=1694,18634;TUMOUR_AF=0.002,0;NORMAL_AF=0,0;TUMOUR_TOTAL_HP_AT=0,0,1647;NORMAL_TOTAL_HP_AT=0,0,1686;TUMOUR_ALT_HP=0,0,3;NORMAL_ALT_HP=0,0,0;CLASS=PASSED_SOMATIC	GT=0/1	
31	colo829	colo829-dna-pacbio_minimap2_mdtagged_sorted	pacbio	savana	chr1	143185281	+	D	chr1	143185282	+	U	<INS>	-1.0	PASS	5	INS	-1	-1	4	4	-1	-1	0.002	0.002	SVTYPE=INS;TUMOUR_READ_SUPPORT=4;TUMOUR_ALN_SUPPORT=4;NORMAL_READ_SUPPORT=0;NORMAL_ALN_SUPPORT=0;SVLEN=100;BP_NOTATION=<INS>;SOURCE=CIGAR;CLUSTERED_READS_TUMOUR=44;CLUSTERED_READS_NORMAL=104;ORIGIN_STARTS_STD_DEV=0;ORIGIN_MAPQ_MEAN=37.25;ORIGIN_EVENT_SIZE_STD_DEV=0.433;ORIGIN_EVENT_SIZE_MEDIAN=101;ORIGIN_EVENT_SIZE_MEAN=100.75;END_STARTS_STD_DEV=0;END_MAPQ_MEAN=37.25;END_EVENT_SIZE_STD_DEV=0.433;END_EVENT_SIZE_MEDIAN=101;END_EVENT_SIZE_MEAN=100.75;TUMOUR_DP_BEFORE=2299,2299;TUMOUR_DP_AT=2301,2301;TUMOUR_DP_AFTER=2311,2311;NORMAL_DP_BEFORE=2312,2312;NORMAL_DP_AT=2313,2313;NORMAL_DP_AFTER=2319,2319;TUMOUR_AF=0.002,0.002;NORMAL_AF=0,0;TUMOUR_TOTAL_HP_AT=0,0,2301;NORMAL_TOTAL_HP_AT=0,0,2313;TUMOUR_ALT_HP=0,0,4;NORMAL_ALT_HP=0,0,0;CLASS=PASSED_SOMATIC	GT=0/1	
32	colo829	colo829-dna-pacbio_minimap2_mdtagged_sorted	pacbio	savana	chr1	143188778	+	D	chr1	143189889	+	U		-1.0	PASS	1111	BND	-1	-1	3	3	-1	-1	0.001	0.001	SVTYPE=BND;MATEID=ID_22130_2;TUMOUR_READ_SUPPORT=3;TUMOUR_ALN_SUPPORT=3;NORMAL_READ_SUPPORT=0;NORMAL_ALN_SUPPORT=0;SVLEN=1111;BP_NOTATION=+-;SOURCE=CIGAR;CLUSTERED_READS_TUMOUR=19;CLUSTERED_READS_NORMAL=19;ORIGIN_STARTS_STD_DEV=0.471;ORIGIN_MAPQ_MEAN=33.667;ORIGIN_EVENT_SIZE_STD_DEV=0;ORIGIN_EVENT_SIZE_MEDIAN=1111;ORIGIN_EVENT_SIZE_MEAN=1111;END_STARTS_STD_DEV=0.471;END_MAPQ_MEAN=33.667;END_EVENT_SIZE_STD_DEV=0;END_EVENT_SIZE_MEDIAN=1111;END_EVENT_SIZE_MEAN=1111;TUMOUR_DP_BEFORE=4482,5113;TUMOUR_DP_AT=4482,5120;TUMOUR_DP_AFTER=4483,5126;NORMAL_DP_BEFORE=4482,5027;NORMAL_DP_AT=4483,5030;NORMAL_DP_AFTER=4484,5035;TUMOUR_AF=0.001,0.001;NORMAL_AF=0,0;TUMOUR_TOTAL_HP_AT=0,0,4482;NORMAL_TOTAL_HP_AT=0,0,4483;TUMOUR_ALT_HP=0,0,3;NORMAL_ALT_HP=0,0,0;CLASS=PASSED_SOMATIC	GT=0/1	
33	colo829	colo829-dna-pacbio_minimap2_mdtagged_sorted	pacbio	savana	chr1	143207099	+	D	chr1	143189788	+	U		-1.0	PASS	17311	BND	-1	-1	3	3	-1	-1	0.001	0.0	SVTYPE=BND;MATEID=ID_22145_2;TUMOUR_READ_SUPPORT=3;TUMOUR_ALN_SUPPORT=3;NORMAL_READ_SUPPORT=0;NORMAL_ALN_SUPPORT=0;SVLEN=17311;BP_NOTATION=-+;SOURCE=SUPPLEMENTARY;CLUSTERED_READS_TUMOUR=584;CLUSTERED_READS_NORMAL=1274;ORIGIN_STARTS_STD_DEV=0;ORIGIN_MAPQ_MEAN=45.333;ORIGIN_EVENT_SIZE_STD_DEV=0;ORIGIN_EVENT_SIZE_MEDIAN=17311;ORIGIN_EVENT_SIZE_MEAN=17311;END_STARTS_STD_DEV=0;END_MAPQ_MEAN=45.333;END_EVENT_SIZE_STD_DEV=0;END_EVENT_SIZE_MEDIAN=17311;END_EVENT_SIZE_MEAN=17311;TUMOUR_DP_BEFORE=4711,15072;TUMOUR_DP_AT=5039,15002;TUMOUR_DP_AFTER=5039,15002;NORMAL_DP_BEFORE=4673,14579;NORMAL_DP_AT=4970,14514;NORMAL_DP_AFTER=4972,14515;TUMOUR_AF=0.001,0;NORMAL_AF=0,0;TUMOUR_TOTAL_HP_AT=0,0,5039;NORMAL_TOTAL_HP_AT=0,0,4970;TUMOUR_ALT_HP=0,0,3;NORMAL_ALT_HP=0,0,0;CLASS=PASSED_SOMATIC	GT=0/1	
34	colo829	colo829-dna-pacbio_minimap2_mdtagged_sorted	pacbio	savana	chr1	143190402	+	D	chr1	143191289	+	U		-1.0	PASS	887	BND	-1	-1	3	3	-1	-1	0.001	0.0	SVTYPE=BND;MATEID=ID_22154_2;TUMOUR_READ_SUPPORT=3;TUMOUR_ALN_SUPPORT=3;NORMAL_READ_SUPPORT=0;NORMAL_ALN_SUPPORT=0;SVLEN=887;BP_NOTATION=+-;SOURCE=CIGAR;CLUSTERED_READS_TUMOUR=294;CLUSTERED_READS_NORMAL=651;ORIGIN_STARTS_STD_DEV=0;ORIGIN_MAPQ_MEAN=60;ORIGIN_EVENT_SIZE_STD_DEV=2.828;ORIGIN_EVENT_SIZE_MEDIAN=887;ORIGIN_EVENT_SIZE_MEAN=885;END_STARTS_STD_DEV=2.828;END_MAPQ_MEAN=60;END_EVENT_SIZE_STD_DEV=2.828;END_EVENT_SIZE_MEDIAN=887;END_EVENT_SIZE_MEAN=885;TUMOUR_DP_BEFORE=5729,7465;TUMOUR_DP_AT=5732,7471;TUMOUR_DP_AFTER=5733,7483;NORMAL_DP_BEFORE=5583,7259;NORMAL_DP_AT=5585,7268;NORMAL_DP_AFTER=5585,7277;TUMOUR_AF=0.001,0;NORMAL_AF=0,0;TUMOUR_TOTAL_HP_AT=0,0,5732;NORMAL_TOTAL_HP_AT=0,0,5585;TUMOUR_ALT_HP=0,0,3;NORMAL_ALT_HP=0,0,0;CLASS=PASSED_SOMATIC	GT=0/1	
35	colo829	colo829-dna-pacbio_minimap2_mdtagged_sorted	pacbio	savana	chr1	143195131	+	D	chr1	143198499	+	U		-1.0	PASS	3368	BND	-1	-1	3	3	-1	-1	0.0	0.0	SVTYPE=BND;MATEID=ID_22242_2;TUMOUR_READ_SUPPORT=3;TUMOUR_ALN_SUPPORT=3;NORMAL_READ_SUPPORT=0;NORMAL_ALN_SUPPORT=0;SVLEN=3368;BP_NOTATION=+-;SOURCE=CIGAR;CLUSTERED_READS_TUMOUR=3725;CLUSTERED_READS_NORMAL=13655;ORIGIN_STARTS_STD_DEV=0;ORIGIN_MAPQ_MEAN=33.333;ORIGIN_EVENT_SIZE_STD_DEV=0;ORIGIN_EVENT_SIZE_MEDIAN=3368;ORIGIN_EVENT_SIZE_MEAN=3368;END_STARTS_STD_DEV=0;END_MAPQ_MEAN=33.333;END_EVENT_SIZE_STD_DEV=0;END_EVENT_SIZE_MEDIAN=3368;END_EVENT_SIZE_MEAN=3368;TUMOUR_DP_BEFORE=11107,11178;TUMOUR_DP_AT=11107,11179;TUMOUR_DP_AFTER=11107,11179;NORMAL_DP_BEFORE=11229,11318;NORMAL_DP_AT=11229,11318;NORMAL_DP_AFTER=11229,11318;TUMOUR_AF=0,0;NORMAL_AF=0,0;TUMOUR_TOTAL_HP_AT=0,0,11107;NORMAL_TOTAL_HP_AT=0,0,11229;TUMOUR_ALT_HP=0,0,3;NORMAL_ALT_HP=0,0,0;CLASS=PASSED_SOMATIC	GT=0/1	
36	colo829	colo829-dna-pacbio_minimap2_mdtagged_sorted	pacbio	savana	chr1	143208577	+	D	chr1	143211027	-	D		-1.0	PASS	2450	BND	-1	-1	3	3	-1	-1	0.0	0.0	SVTYPE=BND;MATEID=ID_22454_2;TUMOUR_READ_SUPPORT=3;TUMOUR_ALN_SUPPORT=3;NORMAL_READ_SUPPORT=0;NORMAL_ALN_SUPPORT=0;SVLEN=2450;BP_NOTATION=++;SOURCE=SUPPLEMENTARY;CLUSTERED_READS_TUMOUR=1231;CLUSTERED_READS_NORMAL=2525;ORIGIN_STARTS_STD_DEV=0;ORIGIN_MAPQ_MEAN=56;ORIGIN_EVENT_SIZE_STD_DEV=0;ORIGIN_EVENT_SIZE_MEDIAN=2450;ORIGIN_EVENT_SIZE_MEAN=2450;END_STARTS_STD_DEV=0;END_MAPQ_MEAN=56;END_EVENT_SIZE_STD_DEV=0;END_EVENT_SIZE_MEDIAN=2450;END_EVENT_SIZE_MEAN=2450;TUMOUR_DP_BEFORE=14838,14811;TUMOUR_DP_AT=14816,14807;TUMOUR_DP_AFTER=14816,14807;NORMAL_DP_BEFORE=14379,14342;NORMAL_DP_AT=14358,14342;NORMAL_DP_AFTER=14358,14342;TUMOUR_AF=0,0;NORMAL_AF=0,0;TUMOUR_TOTAL_HP_AT=0,0,14816;NORMAL_TOTAL_HP_AT=0,0,14358;TUMOUR_ALT_HP=0,0,3;NORMAL_ALT_HP=0,0,0;CLASS=PASSED_SOMATIC	GT=0/1	
37	colo829	colo829-dna-pacbio_minimap2_mdtagged_sorted	pacbio	savana	chr1	143228161	+	D	chr1	143211365	+	U		-1.0	PASS	16796	BND	-1	-1	3	3	-1	-1	0.0	0.0	SVTYPE=BND;MATEID=ID_22482_2;TUMOUR_READ_SUPPORT=3;TUMOUR_ALN_SUPPORT=3;NORMAL_READ_SUPPORT=0;NORMAL_ALN_SUPPORT=0;SVLEN=16796;BP_NOTATION=-+;SOURCE=SUPPLEMENTARY;CLUSTERED_READS_TUMOUR=158;CLUSTERED_READS_NORMAL=152;ORIGIN_STARTS_STD_DEV=1.414;ORIGIN_MAPQ_MEAN=48.333;ORIGIN_EVENT_SIZE_STD_DEV=1.414;ORIGIN_EVENT_SIZE_MEDIAN=16796;ORIGIN_EVENT_SIZE_MEAN=16795;END_STARTS_STD_DEV=0;END_MAPQ_MEAN=48.333;END_EVENT_SIZE_STD_DEV=1.414;END_EVENT_SIZE_MEDIAN=16796;END_EVENT_SIZE_MEAN=16795;TUMOUR_DP_BEFORE=14802,19703;TUMOUR_DP_AT=16405,19699;TUMOUR_DP_AFTER=16457,19699;NORMAL_DP_BEFORE=14338,16584;NORMAL_DP_AT=15429,16581;NORMAL_DP_AFTER=15468,16581;TUMOUR_AF=0,0;NORMAL_AF=0,0;TUMOUR_TOTAL_HP_AT=0,0,16405;NORMAL_TOTAL_HP_AT=0,0,15429;TUMOUR_ALT_HP=0,0,3;NORMAL_ALT_HP=0,0,0;CLASS=PASSED_SOMATIC	GT=0/1	
38	colo829	colo829-dna-pacbio_minimap2_mdtagged_sorted	pacbio	savana	chr1	143215687	+	D	chr3	25290092	+	U		-1.0	PASS	-1	TRA	-1	-1	8	8	-1	-1	0.0	0.032	SVTYPE=BND;MATEID=ID_22533_2;TUMOUR_READ_SUPPORT=8;TUMOUR_ALN_SUPPORT=8;NORMAL_READ_SUPPORT=0;NORMAL_ALN_SUPPORT=0;SVLEN=0;BP_NOTATION=+-;SOURCE=SUPPLEMENTARY;CLUSTERED_READS_TUMOUR=22467;CLUSTERED_READS_NORMAL=46431;ORIGIN_STARTS_STD_DEV=0.661;ORIGIN_MAPQ_MEAN=60;ORIGIN_EVENT_SIZE_STD_DEV=0;ORIGIN_EVENT_SIZE_MEDIAN=0;ORIGIN_EVENT_SIZE_MEAN=0;END_STARTS_STD_DEV=0.992;END_MAPQ_MEAN=60;END_EVENT_SIZE_STD_DEV=0;END_EVENT_SIZE_MEDIAN=0;END_EVENT_SIZE_MEAN=0;TUMOUR_DP_BEFORE=33940,207;TUMOUR_DP_AT=33935,248;TUMOUR_DP_AFTER=33942,249;NORMAL_DP_BEFORE=28504,83;NORMAL_DP_AT=28506,83;NORMAL_DP_AFTER=28510,83;TUMOUR_AF=0,0.032;NORMAL_AF=0,0;TUMOUR_TOTAL_HP_AT=0,0,33935;NORMAL_TOTAL_HP_AT=0,0,28506;TUMOUR_ALT_HP=0,0,8;NORMAL_ALT_HP=0,0,0;CLASS=PASSED_SOMATIC	GT=0/1	
39	colo829	colo829-dna-pacbio_minimap2_mdtagged_sorted	pacbio	savana	chr1	143216826	+	D	chr1	143216875	+	U		-1.0	PASS	49	BND	-1	-1	7	7	-1	-1	0.0	0.0	SVTYPE=BND;MATEID=ID_22539_2;TUMOUR_READ_SUPPORT=7;TUMOUR_ALN_SUPPORT=7;NORMAL_READ_SUPPORT=0;NORMAL_ALN_SUPPORT=0;SVLEN=49;BP_NOTATION=+-;SOURCE=CIGAR;CLUSTERED_READS_TUMOUR=9527;CLUSTERED_READS_NORMAL=15525;ORIGIN_STARTS_STD_DEV=0;ORIGIN_MAPQ_MEAN=44.143;ORIGIN_EVENT_SIZE_STD_DEV=0;ORIGIN_EVENT_SIZE_MEDIAN=49;ORIGIN_EVENT_SIZE_MEAN=49;END_STARTS_STD_DEV=0;END_MAPQ_MEAN=44.143;END_EVENT_SIZE_STD_DEV=0;END_EVENT_SIZE_MEDIAN=49;END_EVENT_SIZE_MEAN=49;TUMOUR_DP_BEFORE=35191,35216;TUMOUR_DP_AT=35194,35225;TUMOUR_DP_AFTER=35194,35227;NORMAL_DP_BEFORE=29328,29359;NORMAL_DP_AT=29332,29370;NORMAL_DP_AFTER=29329,29372;TUMOUR_AF=0,0;NORMAL_AF=0,0;TUMOUR_TOTAL_HP_AT=0,0,35194;NORMAL_TOTAL_HP_AT=0,0,29332;TUMOUR_ALT_HP=0,0,7;NORMAL_ALT_HP=0,0,0;CLASS=PASSED_SOMATIC	GT=0/1	
40	colo829	colo829-dna-pacbio_minimap2_mdtagged_sorted	pacbio	savana	chr1	143233698	+	D	chr1	143219957	+	U		-1.0	PASS	13741	BND	-1	-1	3	3	-1	-1	0.0	0.0	SVTYPE=BND;MATEID=ID_22565_2;TUMOUR_READ_SUPPORT=3;TUMOUR_ALN_SUPPORT=3;NORMAL_READ_SUPPORT=0;NORMAL_ALN_SUPPORT=0;SVLEN=13741;BP_NOTATION=-+;SOURCE=SUPPLEMENTARY;CLUSTERED_READS_TUMOUR=18251;CLUSTERED_READS_NORMAL=34617;ORIGIN_STARTS_STD_DEV=0;ORIGIN_MAPQ_MEAN=33.667;ORIGIN_EVENT_SIZE_STD_DEV=0;ORIGIN_EVENT_SIZE_MEDIAN=13741;ORIGIN_EVENT_SIZE_MEAN=13741;END_STARTS_STD_DEV=0;END_MAPQ_MEAN=33.667;END_EVENT_SIZE_STD_DEV=0;END_EVENT_SIZE_MEDIAN=13741;END_EVENT_SIZE_MEAN=13741;TUMOUR_DP_BEFORE=33036,12800;TUMOUR_DP_AT=33037,11953;TUMOUR_DP_AFTER=33030,11953;NORMAL_DP_BEFORE=27236,10540;NORMAL_DP_AT=27226,9600;NORMAL_DP_AFTER=27217,9600;TUMOUR_AF=0,0;NORMAL_AF=0,0;TUMOUR_TOTAL_HP_AT=0,0,33037;NORMAL_TOTAL_HP_AT=0,0,27226;TUMOUR_ALT_HP=0,0,3;NORMAL_ALT_HP=0,0,0;CLASS=PASSED_SOMATIC	GT=0/1	
41	colo829	colo829-dna-pacbio_minimap2_mdtagged_sorted	pacbio	savana	chr1	143221940	+	D	chr3	25290092	+	U		-1.0	PASS	-1	TRA	-1	-1	16	16	-1	-1	0.001	0.065	SVTYPE=BND;MATEID=ID_22601_2;TUMOUR_READ_SUPPORT=16;TUMOUR_ALN_SUPPORT=16;NORMAL_READ_SUPPORT=0;NORMAL_ALN_SUPPORT=0;SVLEN=0;BP_NOTATION=+-;SOURCE=SUPPLEMENTARY;CLUSTERED_READS_TUMOUR=10296;CLUSTERED_READS_NORMAL=20248;ORIGIN_STARTS_STD_DEV=0.5;ORIGIN_MAPQ_MEAN=56.812;ORIGIN_EVENT_SIZE_STD_DEV=0;ORIGIN_EVENT_SIZE_MEDIAN=0;ORIGIN_EVENT_SIZE_MEAN=0;END_STARTS_STD_DEV=0.5;END_MAPQ_MEAN=56.812;END_EVENT_SIZE_STD_DEV=0;END_EVENT_SIZE_MEDIAN=0;END_EVENT_SIZE_MEAN=0;TUMOUR_DP_BEFORE=29881,207;TUMOUR_DP_AT=29823,248;TUMOUR_DP_AFTER=29823,249;NORMAL_DP_BEFORE=24642,83;NORMAL_DP_AT=24615,83;NORMAL_DP_AFTER=24615,83;TUMOUR_AF=0.001,0.065;NORMAL_AF=0,0;TUMOUR_TOTAL_HP_AT=0,0,29823;NORMAL_TOTAL_HP_AT=0,0,24615;TUMOUR_ALT_HP=0,0,16;NORMAL_ALT_HP=0,0,0;CLASS=PASSED_SOMATIC	GT=0/1	
42	colo829	colo829-dna-pacbio_minimap2_mdtagged_sorted	pacbio	savana	chr1	143226880	+	D	chr1	143229962	+	U		-1.0	PASS	3082	BND	-1	-1	6	6	-1	-1	0.0	0.0	SVTYPE=BND;MATEID=ID_22657_2;TUMOUR_READ_SUPPORT=6;TUMOUR_ALN_SUPPORT=6;NORMAL_READ_SUPPORT=0;NORMAL_ALN_SUPPORT=0;SVLEN=3082;BP_NOTATION=+-;SOURCE=CIGAR;CLUSTERED_READS_TUMOUR=2227;CLUSTERED_READS_NORMAL=2381;ORIGIN_STARTS_STD_DEV=0;ORIGIN_MAPQ_MEAN=29.667;ORIGIN_EVENT_SIZE_STD_DEV=0;ORIGIN_EVENT_SIZE_MEDIAN=3082;ORIGIN_EVENT_SIZE_MEAN=3082;END_STARTS_STD_DEV=0;END_MAPQ_MEAN=29.667;END_EVENT_SIZE_STD_DEV=0;END_EVENT_SIZE_MEDIAN=3082;END_EVENT_SIZE_MEAN=3082;TUMOUR_DP_BEFORE=19813,18239;TUMOUR_DP_AT=19813,18246;TUMOUR_DP_AFTER=19813,18245;NORMAL_DP_BEFORE=16673,15255;NORMAL_DP_AT=16673,15255;NORMAL_DP_AFTER=16673,15255;TUMOUR_AF=0,0;NORMAL_AF=0,0;TUMOUR_TOTAL_HP_AT=0,0,19813;NORMAL_TOTAL_HP_AT=0,0,16673;TUMOUR_ALT_HP=0,0,6;NORMAL_ALT_HP=0,0,0;CLASS=PASSED_SOMATIC	GT=0/1	
43	colo829	colo829-dna-pacbio_minimap2_mdtagged_sorted	pacbio	savana	chr10	42105141	+	D	chr1	143259889	+	U		-1.0	PASS	-1	TRA	-1	-1	4	4	-1	-1	0.091	0.129	SVTYPE=BND;MATEID=ID_22816_2;TUMOUR_READ_SUPPORT=4;TUMOUR_ALN_SUPPORT=4;NORMAL_READ_SUPPORT=0;NORMAL_ALN_SUPPORT=0;SVLEN=0;BP_NOTATION=-+;SOURCE=SUPPLEMENTARY;CLUSTERED_READS_TUMOUR=4;CLUSTERED_READS_NORMAL=0;ORIGIN_STARTS_STD_DEV=2;ORIGIN_MAPQ_MEAN=60;ORIGIN_EVENT_SIZE_STD_DEV=0;ORIGIN_EVENT_SIZE_MEDIAN=0;ORIGIN_EVENT_SIZE_MEAN=0;END_STARTS_STD_DEV=0;END_MAPQ_MEAN=60;END_EVENT_SIZE_STD_DEV=0;END_EVENT_SIZE_MEDIAN=0;END_EVENT_SIZE_MEAN=0;TUMOUR_DP_BEFORE=2,162;TUMOUR_DP_AT=44,31;TUMOUR_DP_AFTER=48,31;NORMAL_DP_BEFORE=2,190;NORMAL_DP_AT=52,47;NORMAL_DP_AFTER=53,47;TUMOUR_AF=0.091,0.129;NORMAL_AF=0,0;TUMOUR_TOTAL_HP_AT=0,0,44;NORMAL_TOTAL_HP_AT=0,0,52;TUMOUR_ALT_HP=0,0,4;NORMAL_ALT_HP=0,0,0;CLASS=PASSED_SOMATIC	GT=0/1	
44	colo829	colo829-dna-pacbio_minimap2_mdtagged_sorted	pacbio	savana	chr1	143263190	+	D	chr1	143263191	+	U	<INS>	-1.0	PASS	5	INS	-1	-1	6	6	-1	-1	0.09	0.09	SVTYPE=INS;TUMOUR_READ_SUPPORT=6;TUMOUR_ALN_SUPPORT=6;NORMAL_READ_SUPPORT=0;NORMAL_ALN_SUPPORT=0;SVLEN=641;BP_NOTATION=<INS>;SOURCE=CIGAR;CLUSTERED_READS_TUMOUR=25;CLUSTERED_READS_NORMAL=18;ORIGIN_STARTS_STD_DEV=0;ORIGIN_MAPQ_MEAN=60;ORIGIN_EVENT_SIZE_STD_DEV=0.5;ORIGIN_EVENT_SIZE_MEDIAN=641.5;ORIGIN_EVENT_SIZE_MEAN=641.5;END_STARTS_STD_DEV=0;END_MAPQ_MEAN=60;END_EVENT_SIZE_STD_DEV=0.5;END_EVENT_SIZE_MEDIAN=641.5;END_EVENT_SIZE_MEAN=641.5;TUMOUR_DP_BEFORE=67,67;TUMOUR_DP_AT=67,67;TUMOUR_DP_AFTER=67,67;NORMAL_DP_BEFORE=48,48;NORMAL_DP_AT=48,48;NORMAL_DP_AFTER=48,48;TUMOUR_AF=0.09,0.09;NORMAL_AF=0,0;TUMOUR_TOTAL_HP_AT=0,0,67;NORMAL_TOTAL_HP_AT=0,0,48;TUMOUR_ALT_HP=0,0,6;NORMAL_ALT_HP=0,0,0;CLASS=PASSED_SOMATIC	GT=0/1	
45	colo829	colo829-dna-pacbio_minimap2_mdtagged_sorted	pacbio	savana	chr1	143263553	+	D	chr1	143263554	+	U	<INS>	-1.0	PASS	5	INS	-1	-1	8	8	-1	-1	0.116	0.116	SVTYPE=INS;TUMOUR_READ_SUPPORT=8;TUMOUR_ALN_SUPPORT=8;NORMAL_READ_SUPPORT=0;NORMAL_ALN_SUPPORT=0;SVLEN=620;BP_NOTATION=<INS>;SOURCE=CIGAR;CLUSTERED_READS_TUMOUR=36;CLUSTERED_READS_NORMAL=26;ORIGIN_STARTS_STD_DEV=4.961;ORIGIN_MAPQ_MEAN=60;ORIGIN_EVENT_SIZE_STD_DEV=2.121;ORIGIN_EVENT_SIZE_MEDIAN=620.5;ORIGIN_EVENT_SIZE_MEAN=620;END_STARTS_STD_DEV=4.961;END_MAPQ_MEAN=60;END_EVENT_SIZE_STD_DEV=2.121;END_EVENT_SIZE_MEDIAN=620.5;END_EVENT_SIZE_MEAN=620;TUMOUR_DP_BEFORE=69,69;TUMOUR_DP_AT=69,69;TUMOUR_DP_AFTER=69,69;NORMAL_DP_BEFORE=44,44;NORMAL_DP_AT=44,44;NORMAL_DP_AFTER=44,44;TUMOUR_AF=0.116,0.116;NORMAL_AF=0,0;TUMOUR_TOTAL_HP_AT=0,0,69;NORMAL_TOTAL_HP_AT=0,0,44;TUMOUR_ALT_HP=0,0,8;NORMAL_ALT_HP=0,0,0;CLASS=PASSED_SOMATIC	GT=0/1	
46	colo829	colo829-dna-pacbio_minimap2_mdtagged_sorted	pacbio	savana	chr1	145223549	+	U	chr1	149350736	-	U		-1.0	PASS	4127187	BND	-1	-1	3	3	-1	-1	0.029	0.03	SVTYPE=BND;MATEID=ID_23006_2;TUMOUR_READ_SUPPORT=3;TUMOUR_ALN_SUPPORT=3;NORMAL_READ_SUPPORT=0;NORMAL_ALN_SUPPORT=0;SVLEN=4127187;BP_NOTATION=--;SOURCE=SUPPLEMENTARY;CLUSTERED_READS_TUMOUR=3;CLUSTERED_READS_NORMAL=0;ORIGIN_STARTS_STD_DEV=0;ORIGIN_MAPQ_MEAN=60;ORIGIN_EVENT_SIZE_STD_DEV=0;ORIGIN_EVENT_SIZE_MEDIAN=4.12719e+06;ORIGIN_EVENT_SIZE_MEAN=4.12719e+06;END_STARTS_STD_DEV=0;END_MAPQ_MEAN=60;END_EVENT_SIZE_STD_DEV=0;END_EVENT_SIZE_MEDIAN=4.12719e+06;END_EVENT_SIZE_MEAN=4.12719e+06;TUMOUR_DP_BEFORE=101,88;TUMOUR_DP_AT=104,99;TUMOUR_DP_AFTER=104,100;NORMAL_DP_BEFORE=70,68;NORMAL_DP_AT=70,70;NORMAL_DP_AFTER=70,70;TUMOUR_AF=0.029,0.03;NORMAL_AF=0,0;TUMOUR_TOTAL_HP_AT=0,0,104;NORMAL_TOTAL_HP_AT=0,0,70;TUMOUR_ALT_HP=0,0,3;NORMAL_ALT_HP=0,0,0;CLASS=PASSED_SOMATIC	GT=0/1	
47	colo829	colo829-dna-pacbio_minimap2_mdtagged_sorted	pacbio	savana	chr1	145379019	+	D	chr1	145382224	+	U		-1.0	PASS	3205	BND	-1	-1	3	3	-1	-1	0.028	0.026	SVTYPE=BND;MATEID=ID_23035_2;TUMOUR_READ_SUPPORT=3;TUMOUR_ALN_SUPPORT=3;NORMAL_READ_SUPPORT=0;NORMAL_ALN_SUPPORT=0;SVLEN=3205;BP_NOTATION=+-;SOURCE=CIGAR;CLUSTERED_READS_TUMOUR=3;CLUSTERED_READS_NORMAL=0;ORIGIN_STARTS_STD_DEV=4.243;ORIGIN_MAPQ_MEAN=24;ORIGIN_EVENT_SIZE_STD_DEV=0;ORIGIN_EVENT_SIZE_MEDIAN=3205;ORIGIN_EVENT_SIZE_MEAN=3205;END_STARTS_STD_DEV=4.243;END_MAPQ_MEAN=24;END_EVENT_SIZE_STD_DEV=0;END_EVENT_SIZE_MEDIAN=3205;END_EVENT_SIZE_MEAN=3205;TUMOUR_DP_BEFORE=106,117;TUMOUR_DP_AT=106,117;TUMOUR_DP_AFTER=106,117;NORMAL_DP_BEFORE=97,100;NORMAL_DP_AT=97,100;NORMAL_DP_AFTER=97,100;TUMOUR_AF=0.028,0.026;NORMAL_AF=0,0;TUMOUR_TOTAL_HP_AT=0,0,106;NORMAL_TOTAL_HP_AT=0,0,97;TUMOUR_ALT_HP=0,0,3;NORMAL_ALT_HP=0,0,0;CLASS=PASSED_SOMATIC	GT=0/1	
48	colo829	colo829-dna-pacbio_minimap2_mdtagged_sorted	pacbio	savana	chr1	146959597	+	U	chr1	148130177	-	U		-1.0	PASS	1170580	BND	-1	-1	3	3	-1	-1	0.041	0.033	SVTYPE=BND;MATEID=ID_23076_2;TUMOUR_READ_SUPPORT=3;TUMOUR_ALN_SUPPORT=3;NORMAL_READ_SUPPORT=0;NORMAL_ALN_SUPPORT=0;SVLEN=1170580;BP_NOTATION=--;SOURCE=SUPPLEMENTARY;CLUSTERED_READS_TUMOUR=3;CLUSTERED_READS_NORMAL=0;ORIGIN_STARTS_STD_DEV=0;ORIGIN_MAPQ_MEAN=60;ORIGIN_EVENT_SIZE_STD_DEV=0;ORIGIN_EVENT_SIZE_MEDIAN=1.17058e+06;ORIGIN_EVENT_SIZE_MEAN=1.17058e+06;END_STARTS_STD_DEV=0;END_MAPQ_MEAN=60;END_EVENT_SIZE_STD_DEV=0;END_EVENT_SIZE_MEDIAN=1.17058e+06;END_EVENT_SIZE_MEAN=1.17058e+06;TUMOUR_DP_BEFORE=66,89;TUMOUR_DP_AT=73,92;TUMOUR_DP_AFTER=73,92;NORMAL_DP_BEFORE=65,65;NORMAL_DP_AT=68,65;NORMAL_DP_AFTER=68,65;TUMOUR_AF=0.041,0.033;NORMAL_AF=0,0;TUMOUR_TOTAL_HP_AT=0,0,73;NORMAL_TOTAL_HP_AT=0,0,68;TUMOUR_ALT_HP=0,0,3;NORMAL_ALT_HP=0,0,0;CLASS=PASSED_SOMATIC	GT=0/1	
49	colo829	colo829-dna-pacbio_minimap2_mdtagged_sorted	pacbio	savana	chr1	148570113	+	D	chr1	148573302	+	U		-1.0	PASS	3189	BND	-1	-1	3	3	-1	-1	0.042	0.042	SVTYPE=BND;MATEID=ID_23105_2;TUMOUR_READ_SUPPORT=3;TUMOUR_ALN_SUPPORT=3;NORMAL_READ_SUPPORT=0;NORMAL_ALN_SUPPORT=0;SVLEN=3189;BP_NOTATION=+-;SOURCE=CIGAR;CLUSTERED_READS_TUMOUR=3;CLUSTERED_READS_NORMAL=0;ORIGIN_STARTS_STD_DEV=0;ORIGIN_MAPQ_MEAN=60;ORIGIN_EVENT_SIZE_STD_DEV=0;ORIGIN_EVENT_SIZE_MEDIAN=3189;ORIGIN_EVENT_SIZE_MEAN=3189;END_STARTS_STD_DEV=0;END_MAPQ_MEAN=60;END_EVENT_SIZE_STD_DEV=0;END_EVENT_SIZE_MEDIAN=3189;END_EVENT_SIZE_MEAN=3189;TUMOUR_DP_BEFORE=72,72;TUMOUR_DP_AT=72,72;TUMOUR_DP_AFTER=72,72;NORMAL_DP_BEFORE=57,46;NORMAL_DP_AT=57,46;NORMAL_DP_AFTER=57,46;TUMOUR_AF=0.042,0.042;NORMAL_AF=0,0;TUMOUR_TOTAL_HP_AT=0,0,72;NORMAL_TOTAL_HP_AT=0,0,57;TUMOUR_ALT_HP=0,0,3;NORMAL_ALT_HP=0,0,0;CLASS=PASSED_SOMATIC	GT=0/1	
50	colo829	colo829-dna-pacbio_minimap2_mdtagged_sorted	pacbio	savana	chr1	148570700	+	D	chr1	148573889	+	U		-1.0	PASS	3189	BND	-1	-1	3	3	-1	-1	0.043	0.042	SVTYPE=BND;MATEID=ID_23108_2;TUMOUR_READ_SUPPORT=3;TUMOUR_ALN_SUPPORT=3;NORMAL_READ_SUPPORT=0;NORMAL_ALN_SUPPORT=0;SVLEN=3189;BP_NOTATION=+-;SOURCE=CIGAR;CLUSTERED_READS_TUMOUR=3;CLUSTERED_READS_NORMAL=0;ORIGIN_STARTS_STD_DEV=7.348;ORIGIN_MAPQ_MEAN=60;ORIGIN_EVENT_SIZE_STD_DEV=0;ORIGIN_EVENT_SIZE_MEDIAN=3189;ORIGIN_EVENT_SIZE_MEAN=3189;END_STARTS_STD_DEV=7.348;END_MAPQ_MEAN=60;END_EVENT_SIZE_STD_DEV=0;END_EVENT_SIZE_MEDIAN=3189;END_EVENT_SIZE_MEAN=3189;TUMOUR_DP_BEFORE=70,72;TUMOUR_DP_AT=70,72;TUMOUR_DP_AFTER=70,72;NORMAL_DP_BEFORE=51,48;NORMAL_DP_AT=51,48;NORMAL_DP_AFTER=51,48;TUMOUR_AF=0.043,0.042;NORMAL_AF=0,0;TUMOUR_TOTAL_HP_AT=0,0,70;NORMAL_TOTAL_HP_AT=0,0,51;TUMOUR_ALT_HP=0,0,3;NORMAL_ALT_HP=0,0,0;CLASS=PASSED_SOMATIC	GT=0/1	
51	colo829	colo829-dna-pacbio_minimap2_mdtagged_sorted	pacbio	savana	chr1	150728655	+	D	chr1	150728830	+	U		-1.0	PASS	175	BND	-1	-1	5	5	-1	-1	0.071	0.071	SVTYPE=BND;MATEID=ID_23166_2;TUMOUR_READ_SUPPORT=5;TUMOUR_ALN_SUPPORT=5;NORMAL_READ_SUPPORT=0;NORMAL_ALN_SUPPORT=0;SVLEN=175;BP_NOTATION=+-;SOURCE=CIGAR;CLUSTERED_READS_TUMOUR=5;CLUSTERED_READS_NORMAL=0;ORIGIN_STARTS_STD_DEV=9.317;ORIGIN_MAPQ_MEAN=60;ORIGIN_EVENT_SIZE_STD_DEV=0.8;ORIGIN_EVENT_SIZE_MEDIAN=175;ORIGIN_EVENT_SIZE_MEAN=175.4;END_STARTS_STD_DEV=9.728;END_MAPQ_MEAN=60;END_EVENT_SIZE_STD_DEV=0.8;END_EVENT_SIZE_MEDIAN=175;END_EVENT_SIZE_MEAN=175.4;TUMOUR_DP_BEFORE=70,70;TUMOUR_DP_AT=70,70;TUMOUR_DP_AFTER=71,70;NORMAL_DP_BEFORE=63,62;NORMAL_DP_AT=63,62;NORMAL_DP_AFTER=63,62;TUMOUR_AF=0.071,0.071;NORMAL_AF=0,0;TUMOUR_TOTAL_HP_AT=0,0,70;NORMAL_TOTAL_HP_AT=0,0,63;TUMOUR_ALT_HP=0,0,5;NORMAL_ALT_HP=0,0,0;CLASS=PASSED_SOMATIC	GT=0/1	
52	colo829	colo829-dna-pacbio_minimap2_mdtagged_sorted	pacbio	savana	chr1	151599528	+	U	chr7	29791577	-	U		-1.0	PASS	-1	TRA	-1	-1	3	3	-1	-1	0.049	0.036	SVTYPE=BND;MATEID=ID_23182_2;TUMOUR_READ_SUPPORT=3;TUMOUR_ALN_SUPPORT=3;NORMAL_READ_SUPPORT=0;NORMAL_ALN_SUPPORT=0;SVLEN=0;BP_NOTATION=--;SOURCE=SUPPLEMENTARY;CLUSTERED_READS_TUMOUR=3;CLUSTERED_READS_NORMAL=0;ORIGIN_STARTS_STD_DEV=3.771;ORIGIN_MAPQ_MEAN=60;ORIGIN_EVENT_SIZE_STD_DEV=0;ORIGIN_EVENT_SIZE_MEDIAN=0;ORIGIN_EVENT_SIZE_MEAN=0;END_STARTS_STD_DEV=0.471;END_MAPQ_MEAN=60;END_EVENT_SIZE_STD_DEV=0;END_EVENT_SIZE_MEDIAN=0;END_EVENT_SIZE_MEAN=0;TUMOUR_DP_BEFORE=58,80;TUMOUR_DP_AT=61,83;TUMOUR_DP_AFTER=61,84;NORMAL_DP_BEFORE=59,51;NORMAL_DP_AT=59,53;NORMAL_DP_AFTER=59,53;TUMOUR_AF=0.049,0.036;NORMAL_AF=0,0;TUMOUR_TOTAL_HP_AT=0,0,61;NORMAL_TOTAL_HP_AT=0,0,59;TUMOUR_ALT_HP=0,0,3;NORMAL_ALT_HP=0,0,0;CLASS=PASSED_SOMATIC	GT=0/1	
53	colo829	colo829-dna-pacbio_minimap2_mdtagged_sorted	pacbio	savana	chr1	152267395	+	D	chr9	70235520	+	U		-1.0	PASS	-1	TRA	-1	-1	4	4	-1	-1	0.052	0.031	SVTYPE=BND;MATEID=ID_23211_2;TUMOUR_READ_SUPPORT=4;TUMOUR_ALN_SUPPORT=4;NORMAL_READ_SUPPORT=0;NORMAL_ALN_SUPPORT=0;SVLEN=0;BP_NOTATION=+-;SOURCE=SUPPLEMENTARY;CLUSTERED_READS_TUMOUR=4;CLUSTERED_READS_NORMAL=0;ORIGIN_STARTS_STD_DEV=0;ORIGIN_MAPQ_MEAN=60;ORIGIN_EVENT_SIZE_STD_DEV=0;ORIGIN_EVENT_SIZE_MEDIAN=0;ORIGIN_EVENT_SIZE_MEAN=0;END_STARTS_STD_DEV=0;END_MAPQ_MEAN=60;END_EVENT_SIZE_STD_DEV=0;END_EVENT_SIZE_MEDIAN=0;END_EVENT_SIZE_MEAN=0;TUMOUR_DP_BEFORE=77,115;TUMOUR_DP_AT=77,131;TUMOUR_DP_AFTER=77,131;NORMAL_DP_BEFORE=73,70;NORMAL_DP_AT=73,78;NORMAL_DP_AFTER=73,78;TUMOUR_AF=0.052,0.031;NORMAL_AF=0,0;TUMOUR_TOTAL_HP_AT=0,0,77;NORMAL_TOTAL_HP_AT=0,0,73;TUMOUR_ALT_HP=0,0,4;NORMAL_ALT_HP=0,0,0;CLASS=PASSED_SOMATIC	GT=0/1	
54	colo829	colo829-dna-pacbio_minimap2_mdtagged_sorted	pacbio	savana	chr1	156140160	+	D	chr1	156140161	+	U	<INS>	-1.0	PASS	5	INS	-1	-1	3	3	-1	-1	0.091	0.091	SVTYPE=INS;TUMOUR_READ_SUPPORT=3;TUMOUR_ALN_SUPPORT=3;NORMAL_READ_SUPPORT=0;NORMAL_ALN_SUPPORT=0;SVLEN=31;BP_NOTATION=<INS>;SOURCE=CIGAR;CLUSTERED_READS_TUMOUR=3;CLUSTERED_READS_NORMAL=0;ORIGIN_STARTS_STD_DEV=0;ORIGIN_MAPQ_MEAN=60;ORIGIN_EVENT_SIZE_STD_DEV=0.471;ORIGIN_EVENT_SIZE_MEDIAN=32;ORIGIN_EVENT_SIZE_MEAN=31.667;END_STARTS_STD_DEV=0;END_MAPQ_MEAN=60;END_EVENT_SIZE_STD_DEV=0.471;END_EVENT_SIZE_MEDIAN=32;END_EVENT_SIZE_MEAN=31.667;TUMOUR_DP_BEFORE=33,33;TUMOUR_DP_AT=33,33;TUMOUR_DP_AFTER=33,33;NORMAL_DP_BEFORE=41,41;NORMAL_DP_AT=41,41;NORMAL_DP_AFTER=41,41;TUMOUR_AF=0.091,0.091;NORMAL_AF=0,0;TUMOUR_TOTAL_HP_AT=0,0,33;NORMAL_TOTAL_HP_AT=0,0,41;TUMOUR_ALT_HP=0,0,3;NORMAL_ALT_HP=0,0,0;CLASS=PASSED_SOMATIC	GT=0/1	
55	colo829	colo829-dna-pacbio_minimap2_mdtagged_sorted	pacbio	savana	chr1	160714353	+	D	chr1	160714552	+	U		-1.0	PASS	199	BND	-1	-1	5	5	-1	-1	0.063	0.062	SVTYPE=BND;MATEID=ID_23305_2;TUMOUR_READ_SUPPORT=5;TUMOUR_ALN_SUPPORT=5;NORMAL_READ_SUPPORT=0;NORMAL_ALN_SUPPORT=0;SVLEN=199;BP_NOTATION=+-;SOURCE=CIGAR;CLUSTERED_READS_TUMOUR=5;CLUSTERED_READS_NORMAL=0;ORIGIN_STARTS_STD_DEV=0;ORIGIN_MAPQ_MEAN=60;ORIGIN_EVENT_SIZE_STD_DEV=0;ORIGIN_EVENT_SIZE_MEDIAN=199;ORIGIN_EVENT_SIZE_MEAN=199;END_STARTS_STD_DEV=0;END_MAPQ_MEAN=60;END_EVENT_SIZE_STD_DEV=0;END_EVENT_SIZE_MEDIAN=199;END_EVENT_SIZE_MEAN=199;TUMOUR_DP_BEFORE=79,80;TUMOUR_DP_AT=79,80;TUMOUR_DP_AFTER=79,80;NORMAL_DP_BEFORE=59,60;NORMAL_DP_AT=59,60;NORMAL_DP_AFTER=59,60;TUMOUR_AF=0.063,0.062;NORMAL_AF=0,0;TUMOUR_TOTAL_HP_AT=0,0,79;NORMAL_TOTAL_HP_AT=0,0,59;TUMOUR_ALT_HP=0,0,5;NORMAL_ALT_HP=0,0,0;CLASS=PASSED_SOMATIC	GT=0/1	
56	colo829	colo829-dna-pacbio_minimap2_mdtagged_sorted	pacbio	savana	chr1	162261490	+	D	chr1	162261523	+	U		-1.0	PASS	33	BND	-1	-1	3	3	-1	-1	0.032	0.032	SVTYPE=BND;MATEID=ID_23332_2;TUMOUR_READ_SUPPORT=3;TUMOUR_ALN_SUPPORT=3;NORMAL_READ_SUPPORT=0;NORMAL_ALN_SUPPORT=0;SVLEN=33;BP_NOTATION=+-;SOURCE=CIGAR;CLUSTERED_READS_TUMOUR=88;CLUSTERED_READS_NORMAL=27;ORIGIN_STARTS_STD_DEV=6.128;ORIGIN_MAPQ_MEAN=60;ORIGIN_EVENT_SIZE_STD_DEV=1.886;ORIGIN_EVENT_SIZE_MEDIAN=33;ORIGIN_EVENT_SIZE_MEAN=34.333;END_STARTS_STD_DEV=4.643;END_MAPQ_MEAN=60;END_EVENT_SIZE_STD_DEV=1.886;END_EVENT_SIZE_MEDIAN=33;END_EVENT_SIZE_MEAN=34.333;TUMOUR_DP_BEFORE=94,94;TUMOUR_DP_AT=94,94;TUMOUR_DP_AFTER=94,94;NORMAL_DP_BEFORE=59,59;NORMAL_DP_AT=59,59;NORMAL_DP_AFTER=59,59;TUMOUR_AF=0.032,0.032;NORMAL_AF=0,0;TUMOUR_TOTAL_HP_AT=0,0,94;NORMAL_TOTAL_HP_AT=0,0,59;TUMOUR_ALT_HP=0,0,3;NORMAL_ALT_HP=0,0,0;CLASS=PASSED_SOMATIC	GT=0/1	
57	colo829	colo829-dna-pacbio_minimap2_mdtagged_sorted	pacbio	savana	chr1	162936514	+	D	chr1	162936549	+	U		-1.0	PASS	35	BND	-1	-1	9	9	-1	-1	0.083	0.084	SVTYPE=BND;MATEID=ID_23343_2;TUMOUR_READ_SUPPORT=9;TUMOUR_ALN_SUPPORT=9;NORMAL_READ_SUPPORT=0;NORMAL_ALN_SUPPORT=0;SVLEN=35;BP_NOTATION=+-;SOURCE=CIGAR;CLUSTERED_READS_TUMOUR=83;CLUSTERED_READS_NORMAL=49;ORIGIN_STARTS_STD_DEV=6.616;ORIGIN_MAPQ_MEAN=60;ORIGIN_EVENT_SIZE_STD_DEV=2.108;ORIGIN_EVENT_SIZE_MEDIAN=31;ORIGIN_EVENT_SIZE_MEAN=32.667;END_STARTS_STD_DEV=5.637;END_MAPQ_MEAN=60;END_EVENT_SIZE_STD_DEV=2.108;END_EVENT_SIZE_MEDIAN=31;END_EVENT_SIZE_MEAN=32.667;TUMOUR_DP_BEFORE=108,107;TUMOUR_DP_AT=108,107;TUMOUR_DP_AFTER=108,107;NORMAL_DP_BEFORE=92,91;NORMAL_DP_AT=92,91;NORMAL_DP_AFTER=92,91;TUMOUR_AF=0.083,0.084;NORMAL_AF=0,0;TUMOUR_TOTAL_HP_AT=0,0,108;NORMAL_TOTAL_HP_AT=0,0,92;TUMOUR_ALT_HP=0,0,9;NORMAL_ALT_HP=0,0,0;CLASS=PASSED_SOMATIC	GT=0/1	
58	colo829	colo829-dna-pacbio_minimap2_mdtagged_sorted	pacbio	savana	chr1	168217252	+	D	chr7	65260251	-	D		-1.0	PASS	-1	TRA	-1	-1	3	3	-1	-1	0.033	0.077	SVTYPE=BND;MATEID=ID_23418_2;TUMOUR_READ_SUPPORT=3;TUMOUR_ALN_SUPPORT=3;NORMAL_READ_SUPPORT=0;NORMAL_ALN_SUPPORT=0;SVLEN=0;BP_NOTATION=++;SOURCE=SUPPLEMENTARY;CLUSTERED_READS_TUMOUR=7;CLUSTERED_READS_NORMAL=8;ORIGIN_STARTS_STD_DEV=0.471;ORIGIN_MAPQ_MEAN=60;ORIGIN_EVENT_SIZE_STD_DEV=0;ORIGIN_EVENT_SIZE_MEDIAN=0;ORIGIN_EVENT_SIZE_MEAN=0;END_STARTS_STD_DEV=0.471;END_MAPQ_MEAN=60;END_EVENT_SIZE_STD_DEV=0;END_EVENT_SIZE_MEDIAN=0;END_EVENT_SIZE_MEAN=0;TUMOUR_DP_BEFORE=102,42;TUMOUR_DP_AT=92,39;TUMOUR_DP_AFTER=92,39;NORMAL_DP_BEFORE=75,23;NORMAL_DP_AT=62,23;NORMAL_DP_AFTER=62,23;TUMOUR_AF=0.033,0.077;NORMAL_AF=0,0;TUMOUR_TOTAL_HP_AT=0,0,92;NORMAL_TOTAL_HP_AT=0,0,62;TUMOUR_ALT_HP=0,0,3;NORMAL_ALT_HP=0,0,0;CLASS=PASSED_SOMATIC	GT=0/1	
59	colo829	colo829-dna-pacbio_minimap2_mdtagged_sorted	pacbio	savana	chr1	168472229	+	D	chr12	128085016	+	U		-1.0	PASS	-1	TRA	-1	-1	4	4	-1	-1	0.04	0.062	SVTYPE=BND;MATEID=ID_23424_2;TUMOUR_READ_SUPPORT=4;TUMOUR_ALN_SUPPORT=4;NORMAL_READ_SUPPORT=0;NORMAL_ALN_SUPPORT=0;SVLEN=0;BP_NOTATION=+-;SOURCE=SUPPLEMENTARY;CLUSTERED_READS_TUMOUR=7;CLUSTERED_READS_NORMAL=1;ORIGIN_STARTS_STD_DEV=0;ORIGIN_MAPQ_MEAN=60;ORIGIN_EVENT_SIZE_STD_DEV=0;ORIGIN_EVENT_SIZE_MEDIAN=0;ORIGIN_EVENT_SIZE_MEAN=0;END_STARTS_STD_DEV=11.5;END_MAPQ_MEAN=60;END_EVENT_SIZE_STD_DEV=0;END_EVENT_SIZE_MEDIAN=0;END_EVENT_SIZE_MEAN=0;TUMOUR_DP_BEFORE=111,65;TUMOUR_DP_AT=101,65;TUMOUR_DP_AFTER=101,65;NORMAL_DP_BEFORE=67,57;NORMAL_DP_AT=64,57;NORMAL_DP_AFTER=64,57;TUMOUR_AF=0.04,0.062;NORMAL_AF=0,0;TUMOUR_TOTAL_HP_AT=0,0,101;NORMAL_TOTAL_HP_AT=0,0,64;TUMOUR_ALT_HP=0,0,4;NORMAL_ALT_HP=0,0,0;CLASS=PASSED_SOMATIC	GT=0/1	
60	colo829	colo829-dna-pacbio_minimap2_mdtagged_sorted	pacbio	savana	chr1	168472229	+	D	chr13	45423573	+	U		-1.0	PASS	-1	TRA	-1	-1	3	3	-1	-1	0.03	0.068	SVTYPE=BND;MATEID=ID_23425_2;TUMOUR_READ_SUPPORT=3;TUMOUR_ALN_SUPPORT=3;NORMAL_READ_SUPPORT=0;NORMAL_ALN_SUPPORT=0;SVLEN=0;BP_NOTATION=+-;SOURCE=SUPPLEMENTARY;CLUSTERED_READS_TUMOUR=7;CLUSTERED_READS_NORMAL=1;ORIGIN_STARTS_STD_DEV=0.471;ORIGIN_MAPQ_MEAN=60;ORIGIN_EVENT_SIZE_STD_DEV=0;ORIGIN_EVENT_SIZE_MEDIAN=0;ORIGIN_EVENT_SIZE_MEAN=0;END_STARTS_STD_DEV=9.092;END_MAPQ_MEAN=60;END_EVENT_SIZE_STD_DEV=0;END_EVENT_SIZE_MEDIAN=0;END_EVENT_SIZE_MEAN=0;TUMOUR_DP_BEFORE=111,42;TUMOUR_DP_AT=101,44;TUMOUR_DP_AFTER=101,44;NORMAL_DP_BEFORE=67,43;NORMAL_DP_AT=64,42;NORMAL_DP_AFTER=64,42;TUMOUR_AF=0.03,0.068;NORMAL_AF=0,0;TUMOUR_TOTAL_HP_AT=0,0,101;NORMAL_TOTAL_HP_AT=0,0,64;TUMOUR_ALT_HP=0,0,3;NORMAL_ALT_HP=0,0,0;CLASS=PASSED_SOMATIC	GT=0/1	
61	colo829	colo829-dna-pacbio_minimap2_mdtagged_sorted	pacbio	savana	chr1	172619211	+	D	chr20	13951354	+	U		-1.0	PASS	-1	TRA	-1	-1	3	3	-1	-1	0.026	0.03	SVTYPE=BND;MATEID=ID_23470_2;TUMOUR_READ_SUPPORT=3;TUMOUR_ALN_SUPPORT=3;NORMAL_READ_SUPPORT=0;NORMAL_ALN_SUPPORT=0;SVLEN=0;BP_NOTATION=+-;SOURCE=SUPPLEMENTARY;CLUSTERED_READS_TUMOUR=20;CLUSTERED_READS_NORMAL=22;ORIGIN_STARTS_STD_DEV=0;ORIGIN_MAPQ_MEAN=60;ORIGIN_EVENT_SIZE_STD_DEV=0;ORIGIN_EVENT_SIZE_MEDIAN=0;ORIGIN_EVENT_SIZE_MEAN=0;END_STARTS_STD_DEV=0;END_MAPQ_MEAN=60;END_EVENT_SIZE_STD_DEV=0;END_EVENT_SIZE_MEDIAN=0;END_EVENT_SIZE_MEAN=0;TUMOUR_DP_BEFORE=117,82;TUMOUR_DP_AT=114,99;TUMOUR_DP_AFTER=114,99;NORMAL_DP_BEFORE=88,59;NORMAL_DP_AT=88,74;NORMAL_DP_AFTER=88,74;TUMOUR_AF=0.026,0.03;NORMAL_AF=0,0;TUMOUR_TOTAL_HP_AT=0,0,114;NORMAL_TOTAL_HP_AT=0,0,88;TUMOUR_ALT_HP=0,0,3;NORMAL_ALT_HP=0,0,0;CLASS=PASSED_SOMATIC	GT=0/1	
62	colo829	colo829-dna-pacbio_minimap2_mdtagged_sorted	pacbio	savana	chr1	175547582	+	D	chr1	175547630	+	U		-1.0	PASS	48	BND	-1	-1	4	4	-1	-1	0.053	0.053	SVTYPE=BND;MATEID=ID_23498_2;TUMOUR_READ_SUPPORT=4;TUMOUR_ALN_SUPPORT=4;NORMAL_READ_SUPPORT=0;NORMAL_ALN_SUPPORT=0;SVLEN=48;BP_NOTATION=+-;SOURCE=CIGAR;CLUSTERED_READS_TUMOUR=76;CLUSTERED_READS_NORMAL=38;ORIGIN_STARTS_STD_DEV=3.279;ORIGIN_MAPQ_MEAN=60;ORIGIN_EVENT_SIZE_STD_DEV=2.872;ORIGIN_EVENT_SIZE_MEDIAN=47.5;ORIGIN_EVENT_SIZE_MEAN=46.5;END_STARTS_STD_DEV=0.707;END_MAPQ_MEAN=60;END_EVENT_SIZE_STD_DEV=2.872;END_EVENT_SIZE_MEDIAN=47.5;END_EVENT_SIZE_MEAN=46.5;TUMOUR_DP_BEFORE=76,76;TUMOUR_DP_AT=76,76;TUMOUR_DP_AFTER=76,76;NORMAL_DP_BEFORE=54,55;NORMAL_DP_AT=54,55;NORMAL_DP_AFTER=54,55;TUMOUR_AF=0.053,0.053;NORMAL_AF=0,0;TUMOUR_TOTAL_HP_AT=0,0,76;NORMAL_TOTAL_HP_AT=0,0,54;TUMOUR_ALT_HP=0,0,4;NORMAL_ALT_HP=0,0,0;CLASS=PASSED_SOMATIC	GT=0/1	
63	colo829	colo829-dna-pacbio_minimap2_mdtagged_sorted	pacbio	savana	chr1	176132731	+	D	chr1	176132770	+	U		-1.0	PASS	39	BND	-1	-1	3	3	-1	-1	0.027	0.027	SVTYPE=BND;MATEID=ID_23507_2;TUMOUR_READ_SUPPORT=3;TUMOUR_ALN_SUPPORT=3;NORMAL_READ_SUPPORT=0;NORMAL_ALN_SUPPORT=0;SVLEN=39;BP_NOTATION=+-;SOURCE=CIGAR;CLUSTERED_READS_TUMOUR=103;CLUSTERED_READS_NORMAL=76;ORIGIN_STARTS_STD_DEV=3.091;ORIGIN_MAPQ_MEAN=60;ORIGIN_EVENT_SIZE_STD_DEV=1.247;ORIGIN_EVENT_SIZE_MEDIAN=38;ORIGIN_EVENT_SIZE_MEAN=38.333;END_STARTS_STD_DEV=4.028;END_MAPQ_MEAN=60;END_EVENT_SIZE_STD_DEV=1.247;END_EVENT_SIZE_MEDIAN=38;END_EVENT_SIZE_MEAN=38.333;TUMOUR_DP_BEFORE=111,111;TUMOUR_DP_AT=111,111;TUMOUR_DP_AFTER=111,111;NORMAL_DP_BEFORE=78,78;NORMAL_DP_AT=78,78;NORMAL_DP_AFTER=78,78;TUMOUR_AF=0.027,0.027;NORMAL_AF=0,0;TUMOUR_TOTAL_HP_AT=0,0,111;NORMAL_TOTAL_HP_AT=0,0,78;TUMOUR_ALT_HP=0,0,3;NORMAL_ALT_HP=0,0,0;CLASS=PASSED_SOMATIC	GT=0/1	
64	colo829	colo829-dna-pacbio_minimap2_mdtagged_sorted	pacbio	savana	chr7	96852682	+	D	chr1	179606226	+	U		-1.0	PASS	-1	TRA	-1	-1	4	4	-1	-1	0.025	0.033	SVTYPE=BND;MATEID=ID_23540_2;TUMOUR_READ_SUPPORT=4;TUMOUR_ALN_SUPPORT=4;NORMAL_READ_SUPPORT=0;NORMAL_ALN_SUPPORT=0;SVLEN=0;BP_NOTATION=-+;SOURCE=SUPPLEMENTARY;CLUSTERED_READS_TUMOUR=139;CLUSTERED_READS_NORMAL=42;ORIGIN_STARTS_STD_DEV=0;ORIGIN_MAPQ_MEAN=60;ORIGIN_EVENT_SIZE_STD_DEV=0;ORIGIN_EVENT_SIZE_MEDIAN=0;ORIGIN_EVENT_SIZE_MEAN=0;END_STARTS_STD_DEV=0;END_MAPQ_MEAN=60;END_EVENT_SIZE_STD_DEV=0;END_EVENT_SIZE_MEDIAN=0;END_EVENT_SIZE_MEAN=0;TUMOUR_DP_BEFORE=116,121;TUMOUR_DP_AT=159,121;TUMOUR_DP_AFTER=158,121;NORMAL_DP_BEFORE=73,82;NORMAL_DP_AT=91,83;NORMAL_DP_AFTER=91,83;TUMOUR_AF=0.025,0.033;NORMAL_AF=0,0;TUMOUR_TOTAL_HP_AT=0,0,159;NORMAL_TOTAL_HP_AT=0,0,91;TUMOUR_ALT_HP=0,0,4;NORMAL_ALT_HP=0,0,0;CLASS=PASSED_SOMATIC	GT=0/1	
65	colo829	colo829-dna-pacbio_minimap2_mdtagged_sorted	pacbio	savana	chr8	128459019	+	D	chr1	179606226	+	U		-1.0	PASS	-1	TRA	-1	-1	4	4	-1	-1	0.025	0.051	SVTYPE=BND;MATEID=ID_23541_2;TUMOUR_READ_SUPPORT=4;TUMOUR_ALN_SUPPORT=4;NORMAL_READ_SUPPORT=0;NORMAL_ALN_SUPPORT=0;SVLEN=0;BP_NOTATION=-+;SOURCE=SUPPLEMENTARY;CLUSTERED_READS_TUMOUR=139;CLUSTERED_READS_NORMAL=42;ORIGIN_STARTS_STD_DEV=0;ORIGIN_MAPQ_MEAN=60;ORIGIN_EVENT_SIZE_STD_DEV=0;ORIGIN_EVENT_SIZE_MEDIAN=0;ORIGIN_EVENT_SIZE_MEAN=0;END_STARTS_STD_DEV=0;END_MAPQ_MEAN=60;END_EVENT_SIZE_STD_DEV=0;END_EVENT_SIZE_MEDIAN=0;END_EVENT_SIZE_MEAN=0;TUMOUR_DP_BEFORE=116,85;TUMOUR_DP_AT=159,79;TUMOUR_DP_AFTER=158,86;NORMAL_DP_BEFORE=73,83;NORMAL_DP_AT=91,82;NORMAL_DP_AFTER=91,89;TUMOUR_AF=0.025,0.051;NORMAL_AF=0,0;TUMOUR_TOTAL_HP_AT=0,0,159;NORMAL_TOTAL_HP_AT=0,0,91;TUMOUR_ALT_HP=0,0,4;NORMAL_ALT_HP=0,0,0;CLASS=PASSED_SOMATIC	GT=0/1	
66	colo829	colo829-dna-pacbio_minimap2_mdtagged_sorted	pacbio	savana	chr1	185420840	+	D	chr1	185420888	+	U		-1.0	PASS	48	BND	-1	-1	3	3	-1	-1	0.031	0.031	SVTYPE=BND;MATEID=ID_23608_2;TUMOUR_READ_SUPPORT=3;TUMOUR_ALN_SUPPORT=3;NORMAL_READ_SUPPORT=0;NORMAL_ALN_SUPPORT=0;SVLEN=48;BP_NOTATION=+-;SOURCE=CIGAR;CLUSTERED_READS_TUMOUR=96;CLUSTERED_READS_NORMAL=46;ORIGIN_STARTS_STD_DEV=0;ORIGIN_MAPQ_MEAN=60;ORIGIN_EVENT_SIZE_STD_DEV=0;ORIGIN_EVENT_SIZE_MEDIAN=48;ORIGIN_EVENT_SIZE_MEAN=48;END_STARTS_STD_DEV=0;END_MAPQ_MEAN=60;END_EVENT_SIZE_STD_DEV=0;END_EVENT_SIZE_MEDIAN=48;END_EVENT_SIZE_MEAN=48;TUMOUR_DP_BEFORE=96,97;TUMOUR_DP_AT=96,97;TUMOUR_DP_AFTER=96,97;NORMAL_DP_BEFORE=91,91;NORMAL_DP_AT=91,91;NORMAL_DP_AFTER=91,91;TUMOUR_AF=0.031,0.031;NORMAL_AF=0,0;TUMOUR_TOTAL_HP_AT=0,0,96;NORMAL_TOTAL_HP_AT=0,0,91;TUMOUR_ALT_HP=0,0,3;NORMAL_ALT_HP=0,0,0;CLASS=PASSED_SOMATIC	GT=0/1	
67	colo829	colo829-dna-pacbio_minimap2_mdtagged_sorted	pacbio	savana	chr1	185420887	+	D	chr1	185420935	+	U		-1.0	PASS	48	BND	-1	-1	3	3	-1	-1	0.031	0.031	SVTYPE=BND;MATEID=ID_23611_2;TUMOUR_READ_SUPPORT=3;TUMOUR_ALN_SUPPORT=3;NORMAL_READ_SUPPORT=0;NORMAL_ALN_SUPPORT=0;SVLEN=48;BP_NOTATION=+-;SOURCE=CIGAR;CLUSTERED_READS_TUMOUR=96;CLUSTERED_READS_NORMAL=46;ORIGIN_STARTS_STD_DEV=0;ORIGIN_MAPQ_MEAN=60;ORIGIN_EVENT_SIZE_STD_DEV=0;ORIGIN_EVENT_SIZE_MEDIAN=48;ORIGIN_EVENT_SIZE_MEAN=48;END_STARTS_STD_DEV=0;END_MAPQ_MEAN=60;END_EVENT_SIZE_STD_DEV=0;END_EVENT_SIZE_MEDIAN=48;END_EVENT_SIZE_MEAN=48;TUMOUR_DP_BEFORE=97,97;TUMOUR_DP_AT=97,97;TUMOUR_DP_AFTER=97,97;NORMAL_DP_BEFORE=91,91;NORMAL_DP_AT=91,91;NORMAL_DP_AFTER=91,90;TUMOUR_AF=0.031,0.031;NORMAL_AF=0,0;TUMOUR_TOTAL_HP_AT=0,0,97;NORMAL_TOTAL_HP_AT=0,0,91;TUMOUR_ALT_HP=0,0,3;NORMAL_ALT_HP=0,0,0;CLASS=PASSED_SOMATIC	GT=0/1	
68	colo829	colo829-dna-pacbio_minimap2_mdtagged_sorted	pacbio	savana	chr1	186795652	+	D	chr1	186796148	+	U		-1.0	PASS	496	BND	-1	-1	5	5	-1	-1	0.045	0.046	SVTYPE=BND;MATEID=ID_23624_2;TUMOUR_READ_SUPPORT=5;TUMOUR_ALN_SUPPORT=5;NORMAL_READ_SUPPORT=0;NORMAL_ALN_SUPPORT=0;SVLEN=496;BP_NOTATION=+-;SOURCE=CIGAR;CLUSTERED_READS_TUMOUR=5;CLUSTERED_READS_NORMAL=0;ORIGIN_STARTS_STD_DEV=5.418;ORIGIN_MAPQ_MEAN=60;ORIGIN_EVENT_SIZE_STD_DEV=0.4;ORIGIN_EVENT_SIZE_MEDIAN=496;ORIGIN_EVENT_SIZE_MEAN=495.8;END_STARTS_STD_DEV=5.678;END_MAPQ_MEAN=60;END_EVENT_SIZE_STD_DEV=0.4;END_EVENT_SIZE_MEDIAN=496;END_EVENT_SIZE_MEAN=495.8;TUMOUR_DP_BEFORE=111,109;TUMOUR_DP_AT=111,109;TUMOUR_DP_AFTER=111,109;NORMAL_DP_BEFORE=66,67;NORMAL_DP_AT=66,67;NORMAL_DP_AFTER=66,67;TUMOUR_AF=0.045,0.046;NORMAL_AF=0,0;TUMOUR_TOTAL_HP_AT=0,0,111;NORMAL_TOTAL_HP_AT=0,0,66;TUMOUR_ALT_HP=0,0,5;NORMAL_ALT_HP=0,0,0;CLASS=PASSED_SOMATIC	GT=0/1	
69	colo829	colo829-dna-pacbio_minimap2_mdtagged_sorted	pacbio	savana	chr1	186795714	+	D	chr1	186796210	+	U		-1.0	PASS	496	BND	-1	-1	5	5	-1	-1	0.045	0.046	SVTYPE=BND;MATEID=ID_23626_2;TUMOUR_READ_SUPPORT=5;TUMOUR_ALN_SUPPORT=5;NORMAL_READ_SUPPORT=0;NORMAL_ALN_SUPPORT=0;SVLEN=496;BP_NOTATION=+-;SOURCE=CIGAR;CLUSTERED_READS_TUMOUR=5;CLUSTERED_READS_NORMAL=0;ORIGIN_STARTS_STD_DEV=4.454;ORIGIN_MAPQ_MEAN=60;ORIGIN_EVENT_SIZE_STD_DEV=0.8;ORIGIN_EVENT_SIZE_MEDIAN=496;ORIGIN_EVENT_SIZE_MEAN=495.6;END_STARTS_STD_DEV=4.29;END_MAPQ_MEAN=60;END_EVENT_SIZE_STD_DEV=0.8;END_EVENT_SIZE_MEDIAN=496;END_EVENT_SIZE_MEAN=495.6;TUMOUR_DP_BEFORE=110,109;TUMOUR_DP_AT=110,109;TUMOUR_DP_AFTER=110,109;NORMAL_DP_BEFORE=66,67;NORMAL_DP_AT=66,67;NORMAL_DP_AFTER=66,67;TUMOUR_AF=0.045,0.046;NORMAL_AF=0,0;TUMOUR_TOTAL_HP_AT=0,0,110;NORMAL_TOTAL_HP_AT=0,0,66;TUMOUR_ALT_HP=0,0,5;NORMAL_ALT_HP=0,0,0;CLASS=PASSED_SOMATIC	GT=0/1	
70	colo829	colo829-dna-pacbio_minimap2_mdtagged_sorted	pacbio	savana	chr1	188180727	+	D	chr1	188180768	+	U		-1.0	PASS	41	BND	-1	-1	4	4	-1	-1	0.039	0.04	SVTYPE=BND;MATEID=ID_23655_2;TUMOUR_READ_SUPPORT=4;TUMOUR_ALN_SUPPORT=4;NORMAL_READ_SUPPORT=0;NORMAL_ALN_SUPPORT=0;SVLEN=41;BP_NOTATION=+-;SOURCE=CIGAR;CLUSTERED_READS_TUMOUR=101;CLUSTERED_READS_NORMAL=45;ORIGIN_STARTS_STD_DEV=0.433;ORIGIN_MAPQ_MEAN=60;ORIGIN_EVENT_SIZE_STD_DEV=1;ORIGIN_EVENT_SIZE_MEDIAN=42;ORIGIN_EVENT_SIZE_MEAN=42;END_STARTS_STD_DEV=0.829;END_MAPQ_MEAN=60;END_EVENT_SIZE_STD_DEV=1;END_EVENT_SIZE_MEDIAN=42;END_EVENT_SIZE_MEAN=42;TUMOUR_DP_BEFORE=103,101;TUMOUR_DP_AT=103,101;TUMOUR_DP_AFTER=103,101;NORMAL_DP_BEFORE=88,88;NORMAL_DP_AT=88,88;NORMAL_DP_AFTER=88,88;TUMOUR_AF=0.039,0.04;NORMAL_AF=0,0;TUMOUR_TOTAL_HP_AT=0,0,103;NORMAL_TOTAL_HP_AT=0,0,88;TUMOUR_ALT_HP=0,0,4;NORMAL_ALT_HP=0,0,0;CLASS=PASSED_SOMATIC	GT=0/1	
71	colo829	colo829-dna-pacbio_minimap2_mdtagged_sorted	pacbio	savana	chr1	188180739	+	D	chr1	188180781	+	U		-1.0	PASS	42	BND	-1	-1	4	4	-1	-1	0.039	0.04	SVTYPE=BND;MATEID=ID_23656_2;TUMOUR_READ_SUPPORT=4;TUMOUR_ALN_SUPPORT=4;NORMAL_READ_SUPPORT=0;NORMAL_ALN_SUPPORT=0;SVLEN=42;BP_NOTATION=+-;SOURCE=CIGAR;CLUSTERED_READS_TUMOUR=101;CLUSTERED_READS_NORMAL=45;ORIGIN_STARTS_STD_DEV=2.598;ORIGIN_MAPQ_MEAN=60;ORIGIN_EVENT_SIZE_STD_DEV=1.09;ORIGIN_EVENT_SIZE_MEDIAN=41;ORIGIN_EVENT_SIZE_MEAN=41.25;END_STARTS_STD_DEV=2.681;END_MAPQ_MEAN=60;END_EVENT_SIZE_STD_DEV=1.09;END_EVENT_SIZE_MEDIAN=41;END_EVENT_SIZE_MEAN=41.25;TUMOUR_DP_BEFORE=103,101;TUMOUR_DP_AT=103,101;TUMOUR_DP_AFTER=103,101;NORMAL_DP_BEFORE=88,88;NORMAL_DP_AT=88,88;NORMAL_DP_AFTER=88,88;TUMOUR_AF=0.039,0.04;NORMAL_AF=0,0;TUMOUR_TOTAL_HP_AT=0,0,103;NORMAL_TOTAL_HP_AT=0,0,88;TUMOUR_ALT_HP=0,0,4;NORMAL_ALT_HP=0,0,0;CLASS=PASSED_SOMATIC	GT=0/1	
72	colo829	colo829-dna-pacbio_minimap2_mdtagged_sorted	pacbio	savana	chr1	192002676	+	D	chr1	192002708	+	U		-1.0	PASS	32	BND	-1	-1	4	4	-1	-1	0.036	0.036	SVTYPE=BND;MATEID=ID_23711_2;TUMOUR_READ_SUPPORT=4;TUMOUR_ALN_SUPPORT=4;NORMAL_READ_SUPPORT=0;NORMAL_ALN_SUPPORT=0;SVLEN=32;BP_NOTATION=+-;SOURCE=CIGAR;CLUSTERED_READS_TUMOUR=15;CLUSTERED_READS_NORMAL=1;ORIGIN_STARTS_STD_DEV=0;ORIGIN_MAPQ_MEAN=60;ORIGIN_EVENT_SIZE_STD_DEV=0;ORIGIN_EVENT_SIZE_MEDIAN=32;ORIGIN_EVENT_SIZE_MEAN=32;END_STARTS_STD_DEV=0;END_MAPQ_MEAN=60;END_EVENT_SIZE_STD_DEV=0;END_EVENT_SIZE_MEDIAN=32;END_EVENT_SIZE_MEAN=32;TUMOUR_DP_BEFORE=111,111;TUMOUR_DP_AT=111,111;TUMOUR_DP_AFTER=111,111;NORMAL_DP_BEFORE=110,110;NORMAL_DP_AT=110,110;NORMAL_DP_AFTER=110,110;TUMOUR_AF=0.036,0.036;NORMAL_AF=0,0;TUMOUR_TOTAL_HP_AT=0,0,111;NORMAL_TOTAL_HP_AT=0,0,110;TUMOUR_ALT_HP=0,0,4;NORMAL_ALT_HP=0,0,0;CLASS=PASSED_SOMATIC	GT=0/1	
73	colo829	colo829-dna-pacbio_minimap2_mdtagged_sorted	pacbio	savana	chr1	192857292	+	D	chr1	192857342	+	U		-1.0	PASS	50	BND	-1	-1	3	3	-1	-1	0.039	0.039	SVTYPE=BND;MATEID=ID_23724_2;TUMOUR_READ_SUPPORT=3;TUMOUR_ALN_SUPPORT=3;NORMAL_READ_SUPPORT=0;NORMAL_ALN_SUPPORT=0;SVLEN=50;BP_NOTATION=+-;SOURCE=CIGAR;CLUSTERED_READS_TUMOUR=77;CLUSTERED_READS_NORMAL=65;ORIGIN_STARTS_STD_DEV=0.471;ORIGIN_MAPQ_MEAN=60;ORIGIN_EVENT_SIZE_STD_DEV=0.943;ORIGIN_EVENT_SIZE_MEDIAN=50;ORIGIN_EVENT_SIZE_MEAN=49.333;END_STARTS_STD_DEV=0.471;END_MAPQ_MEAN=60;END_EVENT_SIZE_STD_DEV=0.943;END_EVENT_SIZE_MEDIAN=50;END_EVENT_SIZE_MEAN=49.333;TUMOUR_DP_BEFORE=76,76;TUMOUR_DP_AT=76,76;TUMOUR_DP_AFTER=76,76;NORMAL_DP_BEFORE=65,65;NORMAL_DP_AT=65,65;NORMAL_DP_AFTER=65,65;TUMOUR_AF=0.039,0.039;NORMAL_AF=0,0;TUMOUR_TOTAL_HP_AT=0,0,76;NORMAL_TOTAL_HP_AT=0,0,65;TUMOUR_ALT_HP=0,0,3;NORMAL_ALT_HP=0,0,0;CLASS=PASSED_SOMATIC	GT=0/1	
74	colo829	colo829-dna-pacbio_minimap2_mdtagged_sorted	pacbio	savana	chr1	195143129	+	D	chr1	195143172	+	U		-1.0	PASS	43	BND	-1	-1	4	4	-1	-1	0.044	0.044	SVTYPE=BND;MATEID=ID_23764_2;TUMOUR_READ_SUPPORT=4;TUMOUR_ALN_SUPPORT=4;NORMAL_READ_SUPPORT=0;NORMAL_ALN_SUPPORT=0;SVLEN=43;BP_NOTATION=+-;SOURCE=CIGAR;CLUSTERED_READS_TUMOUR=85;CLUSTERED_READS_NORMAL=42;ORIGIN_STARTS_STD_DEV=4.717;ORIGIN_MAPQ_MEAN=60;ORIGIN_EVENT_SIZE_STD_DEV=3.5;ORIGIN_EVENT_SIZE_MEDIAN=42.5;ORIGIN_EVENT_SIZE_MEAN=42.5;END_STARTS_STD_DEV=1.732;END_MAPQ_MEAN=60;END_EVENT_SIZE_STD_DEV=3.5;END_EVENT_SIZE_MEDIAN=42.5;END_EVENT_SIZE_MEAN=42.5;TUMOUR_DP_BEFORE=91,90;TUMOUR_DP_AT=91,90;TUMOUR_DP_AFTER=90,90;NORMAL_DP_BEFORE=84,84;NORMAL_DP_AT=84,84;NORMAL_DP_AFTER=84,84;TUMOUR_AF=0.044,0.044;NORMAL_AF=0,0;TUMOUR_TOTAL_HP_AT=0,0,91;NORMAL_TOTAL_HP_AT=0,0,84;TUMOUR_ALT_HP=0,0,4;NORMAL_ALT_HP=0,0,0;CLASS=PASSED_SOMATIC	GT=0/1	
75	colo829	colo829-dna-pacbio_minimap2_mdtagged_sorted	pacbio	savana	chr1	207213947	+	D	chr1	207213948	+	U	<INS>	-1.0	PASS	5	INS	-1	-1	9	9	-1	-1	0.106	0.106	SVTYPE=INS;TUMOUR_READ_SUPPORT=9;TUMOUR_ALN_SUPPORT=9;NORMAL_READ_SUPPORT=0;NORMAL_ALN_SUPPORT=0;SVLEN=36;BP_NOTATION=<INS>;SOURCE=CIGAR;CLUSTERED_READS_TUMOUR=80;CLUSTERED_READS_NORMAL=27;ORIGIN_STARTS_STD_DEV=8.615;ORIGIN_MAPQ_MEAN=60;ORIGIN_EVENT_SIZE_STD_DEV=2.587;ORIGIN_EVENT_SIZE_MEDIAN=36;ORIGIN_EVENT_SIZE_MEAN=36.444;END_STARTS_STD_DEV=8.615;END_MAPQ_MEAN=60;END_EVENT_SIZE_STD_DEV=2.587;END_EVENT_SIZE_MEDIAN=36;END_EVENT_SIZE_MEAN=36.444;TUMOUR_DP_BEFORE=85,85;TUMOUR_DP_AT=85,85;TUMOUR_DP_AFTER=84,84;NORMAL_DP_BEFORE=59,59;NORMAL_DP_AT=59,59;NORMAL_DP_AFTER=59,59;TUMOUR_AF=0.106,0.106;NORMAL_AF=0,0;TUMOUR_TOTAL_HP_AT=0,0,85;NORMAL_TOTAL_HP_AT=0,0,59;TUMOUR_ALT_HP=0,0,9;NORMAL_ALT_HP=0,0,0;CLASS=PASSED_SOMATIC	GT=0/1	
76	colo829	colo829-dna-pacbio_minimap2_mdtagged_sorted	pacbio	savana	chr1	207807888	+	D	chr1	207841473	+	U		-1.0	PASS	33585	BND	-1	-1	18	18	-1	-1	0.34	0.225	SVTYPE=BND;MATEID=ID_23905_2;TUMOUR_READ_SUPPORT=18;TUMOUR_ALN_SUPPORT=18;NORMAL_READ_SUPPORT=0;NORMAL_ALN_SUPPORT=0;SVLEN=33585;BP_NOTATION=+-;SOURCE=SUPPLEMENTARY;CLUSTERED_READS_TUMOUR=18;CLUSTERED_READS_NORMAL=0;ORIGIN_STARTS_STD_DEV=1.779;ORIGIN_MAPQ_MEAN=60;ORIGIN_EVENT_SIZE_STD_DEV=2.062;ORIGIN_EVENT_SIZE_MEDIAN=33585;ORIGIN_EVENT_SIZE_MEAN=33584.5;END_STARTS_STD_DEV=0.497;END_MAPQ_MEAN=60;END_EVENT_SIZE_STD_DEV=2.062;END_EVENT_SIZE_MEDIAN=33585;END_EVENT_SIZE_MEAN=33584.5;TUMOUR_DP_BEFORE=70,62;TUMOUR_DP_AT=53,80;TUMOUR_DP_AFTER=53,80;NORMAL_DP_BEFORE=46,64;NORMAL_DP_AT=46,64;NORMAL_DP_AFTER=46,64;TUMOUR_AF=0.34,0.225;NORMAL_AF=0,0;TUMOUR_TOTAL_HP_AT=0,0,53;NORMAL_TOTAL_HP_AT=0,0,46;TUMOUR_ALT_HP=0,0,18;NORMAL_ALT_HP=0,0,0;CLASS=PASSED_SOMATIC	GT=0/1	
77	colo829	colo829-dna-pacbio_minimap2_mdtagged_sorted	pacbio	savana	chr1	224276967	+	D	chr1	224277008	+	U		-1.0	PASS	41	BND	-1	-1	3	3	-1	-1	0.034	0.034	SVTYPE=BND;MATEID=ID_24145_2;TUMOUR_READ_SUPPORT=3;TUMOUR_ALN_SUPPORT=3;NORMAL_READ_SUPPORT=0;NORMAL_ALN_SUPPORT=0;SVLEN=41;BP_NOTATION=+-;SOURCE=CIGAR;CLUSTERED_READS_TUMOUR=89;CLUSTERED_READS_NORMAL=74;ORIGIN_STARTS_STD_DEV=0.943;ORIGIN_MAPQ_MEAN=60;ORIGIN_EVENT_SIZE_STD_DEV=0.943;ORIGIN_EVENT_SIZE_MEDIAN=43;ORIGIN_EVENT_SIZE_MEAN=42.333;END_STARTS_STD_DEV=0.943;END_MAPQ_MEAN=60;END_EVENT_SIZE_STD_DEV=0.943;END_EVENT_SIZE_MEDIAN=43;END_EVENT_SIZE_MEAN=42.333;TUMOUR_DP_BEFORE=90,89;TUMOUR_DP_AT=89,89;TUMOUR_DP_AFTER=89,89;NORMAL_DP_BEFORE=74,74;NORMAL_DP_AT=74,74;NORMAL_DP_AFTER=74,74;TUMOUR_AF=0.034,0.034;NORMAL_AF=0,0;TUMOUR_TOTAL_HP_AT=0,0,89;NORMAL_TOTAL_HP_AT=0,0,74;TUMOUR_ALT_HP=0,0,3;NORMAL_ALT_HP=0,0,0;CLASS=PASSED_SOMATIC	GT=0/1	
78	colo829	colo829-dna-pacbio_minimap2_mdtagged_sorted	pacbio	savana	chr1	224612418	+	D	chr1	224458900	+	U		-1.0	PASS	153518	BND	-1	-1	36	36	-1	-1	0.324	0.562	SVTYPE=BND;MATEID=ID_24149_2;TUMOUR_READ_SUPPORT=36;TUMOUR_ALN_SUPPORT=36;NORMAL_READ_SUPPORT=0;NORMAL_ALN_SUPPORT=0;SVLEN=153518;BP_NOTATION=-+;SOURCE=SUPPLEMENTARY;CLUSTERED_READS_TUMOUR=36;CLUSTERED_READS_NORMAL=0;ORIGIN_STARTS_STD_DEV=0.5;ORIGIN_MAPQ_MEAN=60;ORIGIN_EVENT_SIZE_STD_DEV=1;ORIGIN_EVENT_SIZE_MEDIAN=153518;ORIGIN_EVENT_SIZE_MEAN=153518;END_STARTS_STD_DEV=0.5;END_MAPQ_MEAN=60;END_EVENT_SIZE_STD_DEV=1;END_EVENT_SIZE_MEDIAN=153518;END_EVENT_SIZE_MEAN=153518;TUMOUR_DP_BEFORE=75,100;TUMOUR_DP_AT=111,64;TUMOUR_DP_AFTER=111,64;NORMAL_DP_BEFORE=77,56;NORMAL_DP_AT=77,56;NORMAL_DP_AFTER=77,56;TUMOUR_AF=0.324,0.562;NORMAL_AF=0,0;TUMOUR_TOTAL_HP_AT=0,0,111;NORMAL_TOTAL_HP_AT=0,0,77;TUMOUR_ALT_HP=0,0,36;NORMAL_ALT_HP=0,0,0;CLASS=PASSED_SOMATIC	GT=0/1	
79	colo829	colo829-dna-pacbio_minimap2_mdtagged_sorted	pacbio	savana	chr1	224595102	+	D	chr1	224598322	+	U		-1.0	PASS	3220	BND	-1	-1	47	47	-1	-1	0.392	0.398	SVTYPE=BND;MATEID=ID_24150_2;TUMOUR_READ_SUPPORT=47;TUMOUR_ALN_SUPPORT=47;NORMAL_READ_SUPPORT=0;NORMAL_ALN_SUPPORT=0;SVLEN=3220;BP_NOTATION=+-;SOURCE=CIGAR/SUPPLEMENTARY;CLUSTERED_READS_TUMOUR=47;CLUSTERED_READS_NORMAL=0;ORIGIN_STARTS_STD_DEV=1.556;ORIGIN_MAPQ_MEAN=60;ORIGIN_EVENT_SIZE_STD_DEV=2.789;ORIGIN_EVENT_SIZE_MEDIAN=3220;ORIGIN_EVENT_SIZE_MEAN=3220.43;END_STARTS_STD_DEV=1.796;END_MAPQ_MEAN=60;END_EVENT_SIZE_STD_DEV=2.789;END_EVENT_SIZE_MEDIAN=3220;END_EVENT_SIZE_MEAN=3220.43;TUMOUR_DP_BEFORE=120,118;TUMOUR_DP_AT=120,118;TUMOUR_DP_AFTER=120,118;NORMAL_DP_BEFORE=58,61;NORMAL_DP_AT=58,61;NORMAL_DP_AFTER=58,61;TUMOUR_AF=0.392,0.398;NORMAL_AF=0,0;TUMOUR_TOTAL_HP_AT=0,0,120;NORMAL_TOTAL_HP_AT=0,0,58;TUMOUR_ALT_HP=0,0,47;NORMAL_ALT_HP=0,0,0;CLASS=PASSED_SOMATIC	GT=0/1	
80	colo829	colo829-dna-pacbio_minimap2_mdtagged_sorted	pacbio	savana	chr1	226797691	+	D	chr1	226798037	+	U		-1.0	PASS	346	BND	-1	-1	5	5	-1	-1	0.062	0.064	SVTYPE=BND;MATEID=ID_24168_2;TUMOUR_READ_SUPPORT=5;TUMOUR_ALN_SUPPORT=5;NORMAL_READ_SUPPORT=0;NORMAL_ALN_SUPPORT=0;SVLEN=346;BP_NOTATION=+-;SOURCE=CIGAR;CLUSTERED_READS_TUMOUR=5;CLUSTERED_READS_NORMAL=0;ORIGIN_STARTS_STD_DEV=8.546;ORIGIN_MAPQ_MEAN=60;ORIGIN_EVENT_SIZE_STD_DEV=1.2;ORIGIN_EVENT_SIZE_MEDIAN=346;ORIGIN_EVENT_SIZE_MEAN=345.4;END_STARTS_STD_DEV=9.633;END_MAPQ_MEAN=60;END_EVENT_SIZE_STD_DEV=1.2;END_EVENT_SIZE_MEDIAN=346;END_EVENT_SIZE_MEAN=345.4;TUMOUR_DP_BEFORE=80,78;TUMOUR_DP_AT=80,78;TUMOUR_DP_AFTER=80,78;NORMAL_DP_BEFORE=53,53;NORMAL_DP_AT=53,53;NORMAL_DP_AFTER=53,53;TUMOUR_AF=0.062,0.064;NORMAL_AF=0,0;TUMOUR_TOTAL_HP_AT=0,0,80;NORMAL_TOTAL_HP_AT=0,0,53;TUMOUR_ALT_HP=0,0,5;NORMAL_ALT_HP=0,0,0;CLASS=PASSED_SOMATIC	GT=0/1	
81	colo829	colo829-dna-pacbio_minimap2_mdtagged_sorted	pacbio	savana	chr1	226797886	+	D	chr1	226798232	+	U		-1.0	PASS	346	BND	-1	-1	3	3	-1	-1	0.038	0.038	SVTYPE=BND;MATEID=ID_24169_2;TUMOUR_READ_SUPPORT=3;TUMOUR_ALN_SUPPORT=3;NORMAL_READ_SUPPORT=0;NORMAL_ALN_SUPPORT=0;SVLEN=346;BP_NOTATION=+-;SOURCE=CIGAR;CLUSTERED_READS_TUMOUR=3;CLUSTERED_READS_NORMAL=0;ORIGIN_STARTS_STD_DEV=4.989;ORIGIN_MAPQ_MEAN=60;ORIGIN_EVENT_SIZE_STD_DEV=0.943;ORIGIN_EVENT_SIZE_MEDIAN=346;ORIGIN_EVENT_SIZE_MEAN=345.333;END_STARTS_STD_DEV=5.888;END_MAPQ_MEAN=60;END_EVENT_SIZE_STD_DEV=0.943;END_EVENT_SIZE_MEDIAN=346;END_EVENT_SIZE_MEAN=345.333;TUMOUR_DP_BEFORE=78,79;TUMOUR_DP_AT=78,79;TUMOUR_DP_AFTER=78,79;NORMAL_DP_BEFORE=53,47;NORMAL_DP_AT=53,47;NORMAL_DP_AFTER=53,47;TUMOUR_AF=0.038,0.038;NORMAL_AF=0,0;TUMOUR_TOTAL_HP_AT=0,0,78;NORMAL_TOTAL_HP_AT=0,0,53;TUMOUR_ALT_HP=0,0,3;NORMAL_ALT_HP=0,0,0;CLASS=PASSED_SOMATIC	GT=0/1	
82	colo829	colo829-dna-pacbio_minimap2_mdtagged_sorted	pacbio	savana	chr1	227499209	+	D	chr22	11562042	-	D		-1.0	PASS	-1	TRA	-1	-1	3	3	-1	-1	0.068	0.009	SVTYPE=BND;MATEID=ID_24189_2;TUMOUR_READ_SUPPORT=3;TUMOUR_ALN_SUPPORT=3;NORMAL_READ_SUPPORT=0;NORMAL_ALN_SUPPORT=0;SVLEN=0;BP_NOTATION=++;SOURCE=SUPPLEMENTARY;CLUSTERED_READS_TUMOUR=23;CLUSTERED_READS_NORMAL=17;ORIGIN_STARTS_STD_DEV=0;ORIGIN_MAPQ_MEAN=60;ORIGIN_EVENT_SIZE_STD_DEV=0;ORIGIN_EVENT_SIZE_MEDIAN=0;ORIGIN_EVENT_SIZE_MEAN=0;END_STARTS_STD_DEV=0;END_MAPQ_MEAN=60;END_EVENT_SIZE_STD_DEV=0;END_EVENT_SIZE_MEDIAN=0;END_EVENT_SIZE_MEAN=0;TUMOUR_DP_BEFORE=66,333;TUMOUR_DP_AT=44,332;TUMOUR_DP_AFTER=44,332;NORMAL_DP_BEFORE=61,287;NORMAL_DP_AT=46,288;NORMAL_DP_AFTER=46,288;TUMOUR_AF=0.068,0.009;NORMAL_AF=0,0;TUMOUR_TOTAL_HP_AT=0,0,44;NORMAL_TOTAL_HP_AT=0,0,46;TUMOUR_ALT_HP=0,0,3;NORMAL_ALT_HP=0,0,0;CLASS=PASSED_SOMATIC	GT=0/1	
83	colo829	colo829-dna-pacbio_minimap2_mdtagged_sorted	pacbio	savana	chr1	227502113	+	U	chr3	198117132	-	U		-1.0	PASS	-1	TRA	-1	-1	5	5	-1	-1	0.064	0.076	SVTYPE=BND;MATEID=ID_24190_2;TUMOUR_READ_SUPPORT=5;TUMOUR_ALN_SUPPORT=5;NORMAL_READ_SUPPORT=0;NORMAL_ALN_SUPPORT=0;SVLEN=0;BP_NOTATION=--;SOURCE=SUPPLEMENTARY;CLUSTERED_READS_TUMOUR=7;CLUSTERED_READS_NORMAL=0;ORIGIN_STARTS_STD_DEV=0;ORIGIN_MAPQ_MEAN=60;ORIGIN_EVENT_SIZE_STD_DEV=0;ORIGIN_EVENT_SIZE_MEDIAN=0;ORIGIN_EVENT_SIZE_MEAN=0;END_STARTS_STD_DEV=0;END_MAPQ_MEAN=60;END_EVENT_SIZE_STD_DEV=0;END_EVENT_SIZE_MEDIAN=0;END_EVENT_SIZE_MEAN=0;TUMOUR_DP_BEFORE=45,61;TUMOUR_DP_AT=78,66;TUMOUR_DP_AFTER=78,66;NORMAL_DP_BEFORE=44,54;NORMAL_DP_AT=60,54;NORMAL_DP_AFTER=60,54;TUMOUR_AF=0.064,0.076;NORMAL_AF=0,0;TUMOUR_TOTAL_HP_AT=0,0,78;NORMAL_TOTAL_HP_AT=0,0,60;TUMOUR_ALT_HP=0,0,5;NORMAL_ALT_HP=0,0,0;CLASS=PASSED_SOMATIC	GT=0/1	
84	colo829	colo829-dna-pacbio_minimap2_mdtagged_sorted	pacbio	savana	chr1	230396251	+	D	chr1	230396293	+	U		-1.0	PASS	42	BND	-1	-1	6	6	-1	-1	0.167	0.167	SVTYPE=BND;MATEID=ID_24234_2;TUMOUR_READ_SUPPORT=6;TUMOUR_ALN_SUPPORT=6;NORMAL_READ_SUPPORT=0;NORMAL_ALN_SUPPORT=0;SVLEN=42;BP_NOTATION=+-;SOURCE=CIGAR;CLUSTERED_READS_TUMOUR=36;CLUSTERED_READS_NORMAL=25;ORIGIN_STARTS_STD_DEV=0.5;ORIGIN_MAPQ_MEAN=60;ORIGIN_EVENT_SIZE_STD_DEV=1;ORIGIN_EVENT_SIZE_MEDIAN=42;ORIGIN_EVENT_SIZE_MEAN=42;END_STARTS_STD_DEV=0.5;END_MAPQ_MEAN=60;END_EVENT_SIZE_STD_DEV=1;END_EVENT_SIZE_MEDIAN=42;END_EVENT_SIZE_MEAN=42;TUMOUR_DP_BEFORE=36,36;TUMOUR_DP_AT=36,36;TUMOUR_DP_AFTER=36,36;NORMAL_DP_BEFORE=25,25;NORMAL_DP_AT=25,25;NORMAL_DP_AFTER=25,25;TUMOUR_AF=0.167,0.167;NORMAL_AF=0,0;TUMOUR_TOTAL_HP_AT=0,0,36;NORMAL_TOTAL_HP_AT=0,0,25;TUMOUR_ALT_HP=0,0,6;NORMAL_ALT_HP=0,0,0;CLASS=PASSED_SOMATIC	GT=0/1	
85	colo829	colo829-dna-pacbio_minimap2_mdtagged_sorted	pacbio	savana	chr1	232572734	+	D	chr1	232572770	+	U		-1.0	PASS	36	BND	-1	-1	5	5	-1	-1	0.051	0.05	SVTYPE=BND;MATEID=ID_24274_2;TUMOUR_READ_SUPPORT=5;TUMOUR_ALN_SUPPORT=5;NORMAL_READ_SUPPORT=0;NORMAL_ALN_SUPPORT=0;SVLEN=36;BP_NOTATION=+-;SOURCE=CIGAR;CLUSTERED_READS_TUMOUR=5;CLUSTERED_READS_NORMAL=0;ORIGIN_STARTS_STD_DEV=1.356;ORIGIN_MAPQ_MEAN=60;ORIGIN_EVENT_SIZE_STD_DEV=1.02;ORIGIN_EVENT_SIZE_MEDIAN=36;ORIGIN_EVENT_SIZE_MEAN=35.6;END_STARTS_STD_DEV=2.191;END_MAPQ_MEAN=60;END_EVENT_SIZE_STD_DEV=1.02;END_EVENT_SIZE_MEDIAN=36;END_EVENT_SIZE_MEAN=35.6;TUMOUR_DP_BEFORE=99,100;TUMOUR_DP_AT=99,100;TUMOUR_DP_AFTER=99,100;NORMAL_DP_BEFORE=56,56;NORMAL_DP_AT=56,56;NORMAL_DP_AFTER=56,56;TUMOUR_AF=0.051,0.05;NORMAL_AF=0,0;TUMOUR_TOTAL_HP_AT=0,0,99;NORMAL_TOTAL_HP_AT=0,0,56;TUMOUR_ALT_HP=0,0,5;NORMAL_ALT_HP=0,0,0;CLASS=PASSED_SOMATIC	GT=0/1	
86	colo829	colo829-dna-pacbio_minimap2_mdtagged_sorted	pacbio	savana	chr1	235534114	+	D	chr1	235534154	+	U		-1.0	PASS	40	BND	-1	-1	3	3	-1	-1	0.054	0.054	SVTYPE=BND;MATEID=ID_24343_2;TUMOUR_READ_SUPPORT=3;TUMOUR_ALN_SUPPORT=3;NORMAL_READ_SUPPORT=0;NORMAL_ALN_SUPPORT=0;SVLEN=40;BP_NOTATION=+-;SOURCE=CIGAR;CLUSTERED_READS_TUMOUR=55;CLUSTERED_READS_NORMAL=27;ORIGIN_STARTS_STD_DEV=2.16;ORIGIN_MAPQ_MEAN=60;ORIGIN_EVENT_SIZE_STD_DEV=0.943;ORIGIN_EVENT_SIZE_MEDIAN=39;ORIGIN_EVENT_SIZE_MEAN=39.667;END_STARTS_STD_DEV=1.7;END_MAPQ_MEAN=60;END_EVENT_SIZE_STD_DEV=0.943;END_EVENT_SIZE_MEDIAN=39;END_EVENT_SIZE_MEAN=39.667;TUMOUR_DP_BEFORE=56,56;TUMOUR_DP_AT=56,56;TUMOUR_DP_AFTER=56,56;NORMAL_DP_BEFORE=46,46;NORMAL_DP_AT=46,47;NORMAL_DP_AFTER=46,47;TUMOUR_AF=0.054,0.054;NORMAL_AF=0,0;TUMOUR_TOTAL_HP_AT=0,0,56;NORMAL_TOTAL_HP_AT=0,0,46;TUMOUR_ALT_HP=0,0,3;NORMAL_ALT_HP=0,0,0;CLASS=PASSED_SOMATIC	GT=0/1	
87	colo829	colo829-dna-pacbio_minimap2_mdtagged_sorted	pacbio	savana	chr1	236654854	+	D	chr1	236654894	+	U		-1.0	PASS	40	BND	-1	-1	5	5	-1	-1	0.06	0.06	SVTYPE=BND;MATEID=ID_24374_2;TUMOUR_READ_SUPPORT=5;TUMOUR_ALN_SUPPORT=5;NORMAL_READ_SUPPORT=0;NORMAL_ALN_SUPPORT=0;SVLEN=40;BP_NOTATION=+-;SOURCE=CIGAR;CLUSTERED_READS_TUMOUR=83;CLUSTERED_READS_NORMAL=40;ORIGIN_STARTS_STD_DEV=3.98;ORIGIN_MAPQ_MEAN=60;ORIGIN_EVENT_SIZE_STD_DEV=3.97;ORIGIN_EVENT_SIZE_MEDIAN=43;ORIGIN_EVENT_SIZE_MEAN=39.8;END_STARTS_STD_DEV=2.332;END_MAPQ_MEAN=60;END_EVENT_SIZE_STD_DEV=3.97;END_EVENT_SIZE_MEDIAN=43;END_EVENT_SIZE_MEAN=39.8;TUMOUR_DP_BEFORE=83,83;TUMOUR_DP_AT=83,83;TUMOUR_DP_AFTER=83,83;NORMAL_DP_BEFORE=72,72;NORMAL_DP_AT=72,72;NORMAL_DP_AFTER=72,72;TUMOUR_AF=0.06,0.06;NORMAL_AF=0,0;TUMOUR_TOTAL_HP_AT=0,0,83;NORMAL_TOTAL_HP_AT=0,0,72;TUMOUR_ALT_HP=0,0,5;NORMAL_ALT_HP=0,0,0;CLASS=PASSED_SOMATIC	GT=0/1	
88	colo829	colo829-dna-pacbio_minimap2_mdtagged_sorted	pacbio	savana	chr1	236755694	+	D	chr1	236756331	+	U		-1.0	PASS	637	BND	-1	-1	3	3	-1	-1	0.043	0.045	SVTYPE=BND;MATEID=ID_24399_2;TUMOUR_READ_SUPPORT=3;TUMOUR_ALN_SUPPORT=3;NORMAL_READ_SUPPORT=0;NORMAL_ALN_SUPPORT=0;SVLEN=637;BP_NOTATION=+-;SOURCE=CIGAR;CLUSTERED_READS_TUMOUR=68;CLUSTERED_READS_NORMAL=59;ORIGIN_STARTS_STD_DEV=0;ORIGIN_MAPQ_MEAN=60;ORIGIN_EVENT_SIZE_STD_DEV=0;ORIGIN_EVENT_SIZE_MEDIAN=637;ORIGIN_EVENT_SIZE_MEAN=637;END_STARTS_STD_DEV=0;END_MAPQ_MEAN=60;END_EVENT_SIZE_STD_DEV=0;END_EVENT_SIZE_MEDIAN=637;END_EVENT_SIZE_MEAN=637;TUMOUR_DP_BEFORE=70,67;TUMOUR_DP_AT=69,67;TUMOUR_DP_AFTER=69,67;NORMAL_DP_BEFORE=63,64;NORMAL_DP_AT=63,64;NORMAL_DP_AFTER=63,64;TUMOUR_AF=0.043,0.045;NORMAL_AF=0,0;TUMOUR_TOTAL_HP_AT=0,0,69;NORMAL_TOTAL_HP_AT=0,0,63;TUMOUR_ALT_HP=0,0,3;NORMAL_ALT_HP=0,0,0;CLASS=PASSED_SOMATIC	GT=0/1	
89	colo829	colo829-dna-pacbio_minimap2_mdtagged_sorted	pacbio	savana	chr1	242390060	+	D	chr1	242390099	+	U		-1.0	PASS	39	BND	-1	-1	3	3	-1	-1	0.03	0.031	SVTYPE=BND;MATEID=ID_24499_2;TUMOUR_READ_SUPPORT=3;TUMOUR_ALN_SUPPORT=3;NORMAL_READ_SUPPORT=0;NORMAL_ALN_SUPPORT=0;SVLEN=39;BP_NOTATION=+-;SOURCE=CIGAR;CLUSTERED_READS_TUMOUR=98;CLUSTERED_READS_NORMAL=19;ORIGIN_STARTS_STD_DEV=0;ORIGIN_MAPQ_MEAN=60;ORIGIN_EVENT_SIZE_STD_DEV=0;ORIGIN_EVENT_SIZE_MEDIAN=39;ORIGIN_EVENT_SIZE_MEAN=39;END_STARTS_STD_DEV=0;END_MAPQ_MEAN=60;END_EVENT_SIZE_STD_DEV=0;END_EVENT_SIZE_MEDIAN=39;END_EVENT_SIZE_MEAN=39;TUMOUR_DP_BEFORE=100,98;TUMOUR_DP_AT=100,98;TUMOUR_DP_AFTER=100,98;NORMAL_DP_BEFORE=73,73;NORMAL_DP_AT=73,73;NORMAL_DP_AFTER=73,73;TUMOUR_AF=0.03,0.031;NORMAL_AF=0,0;TUMOUR_TOTAL_HP_AT=0,0,100;NORMAL_TOTAL_HP_AT=0,0,73;TUMOUR_ALT_HP=0,0,3;NORMAL_ALT_HP=0,0,0;CLASS=PASSED_SOMATIC	GT=0/1	
90	colo829	colo829-dna-pacbio_minimap2_mdtagged_sorted	pacbio	savana	chr1	242394611	+	D	chr1	242394661	+	U		-1.0	PASS	50	BND	-1	-1	7	7	-1	-1	0.082	0.083	SVTYPE=BND;MATEID=ID_24505_2;TUMOUR_READ_SUPPORT=7;TUMOUR_ALN_SUPPORT=7;NORMAL_READ_SUPPORT=0;NORMAL_ALN_SUPPORT=0;SVLEN=50;BP_NOTATION=+-;SOURCE=CIGAR;CLUSTERED_READS_TUMOUR=11;CLUSTERED_READS_NORMAL=51;ORIGIN_STARTS_STD_DEV=0;ORIGIN_MAPQ_MEAN=60;ORIGIN_EVENT_SIZE_STD_DEV=0;ORIGIN_EVENT_SIZE_MEDIAN=50;ORIGIN_EVENT_SIZE_MEAN=50;END_STARTS_STD_DEV=0;END_MAPQ_MEAN=60;END_EVENT_SIZE_STD_DEV=0;END_EVENT_SIZE_MEDIAN=50;END_EVENT_SIZE_MEAN=50;TUMOUR_DP_BEFORE=85,84;TUMOUR_DP_AT=85,84;TUMOUR_DP_AFTER=84,84;NORMAL_DP_BEFORE=62,62;NORMAL_DP_AT=62,62;NORMAL_DP_AFTER=62,62;TUMOUR_AF=0.082,0.083;NORMAL_AF=0,0;TUMOUR_TOTAL_HP_AT=0,0,85;NORMAL_TOTAL_HP_AT=0,0,62;TUMOUR_ALT_HP=0,0,7;NORMAL_ALT_HP=0,0,0;CLASS=PASSED_SOMATIC	GT=0/1	
91	colo829	colo829-dna-pacbio_minimap2_mdtagged_sorted	pacbio	savana	chr1	242684333	+	D	chr1	242684364	+	U		-1.0	PASS	31	BND	-1	-1	4	4	-1	-1	0.045	0.045	SVTYPE=BND;MATEID=ID_24515_2;TUMOUR_READ_SUPPORT=4;TUMOUR_ALN_SUPPORT=4;NORMAL_READ_SUPPORT=0;NORMAL_ALN_SUPPORT=0;SVLEN=31;BP_NOTATION=+-;SOURCE=CIGAR;CLUSTERED_READS_TUMOUR=5;CLUSTERED_READS_NORMAL=41;ORIGIN_STARTS_STD_DEV=0;ORIGIN_MAPQ_MEAN=60;ORIGIN_EVENT_SIZE_STD_DEV=0;ORIGIN_EVENT_SIZE_MEDIAN=31;ORIGIN_EVENT_SIZE_MEAN=31;END_STARTS_STD_DEV=0;END_MAPQ_MEAN=60;END_EVENT_SIZE_STD_DEV=0;END_EVENT_SIZE_MEDIAN=31;END_EVENT_SIZE_MEAN=31;TUMOUR_DP_BEFORE=89,89;TUMOUR_DP_AT=89,89;TUMOUR_DP_AFTER=89,89;NORMAL_DP_BEFORE=84,84;NORMAL_DP_AT=84,84;NORMAL_DP_AFTER=84,84;TUMOUR_AF=0.045,0.045;NORMAL_AF=0,0;TUMOUR_TOTAL_HP_AT=0,0,89;NORMAL_TOTAL_HP_AT=0,0,84;TUMOUR_ALT_HP=0,0,4;NORMAL_ALT_HP=0,0,0;CLASS=PASSED_SOMATIC	GT=0/1	
92	colo829	colo829-dna-pacbio_minimap2_mdtagged_sorted	pacbio	savana	chr1	245974918	+	D	chr1	245975351	+	U		-1.0	PASS	433	BND	-1	-1	7	7	-1	-1	0.086	0.086	SVTYPE=BND;MATEID=ID_24562_2;TUMOUR_READ_SUPPORT=7;TUMOUR_ALN_SUPPORT=7;NORMAL_READ_SUPPORT=0;NORMAL_ALN_SUPPORT=0;SVLEN=433;BP_NOTATION=+-;SOURCE=CIGAR;CLUSTERED_READS_TUMOUR=7;CLUSTERED_READS_NORMAL=0;ORIGIN_STARTS_STD_DEV=4.986;ORIGIN_MAPQ_MEAN=60;ORIGIN_EVENT_SIZE_STD_DEV=0.904;ORIGIN_EVENT_SIZE_MEDIAN=433;ORIGIN_EVENT_SIZE_MEAN=432.429;END_STARTS_STD_DEV=4.271;END_MAPQ_MEAN=60;END_EVENT_SIZE_STD_DEV=0.904;END_EVENT_SIZE_MEDIAN=433;END_EVENT_SIZE_MEAN=432.429;TUMOUR_DP_BEFORE=81,81;TUMOUR_DP_AT=81,81;TUMOUR_DP_AFTER=81,81;NORMAL_DP_BEFORE=67,68;NORMAL_DP_AT=67,68;NORMAL_DP_AFTER=67,68;TUMOUR_AF=0.086,0.086;NORMAL_AF=0,0;TUMOUR_TOTAL_HP_AT=0,0,81;NORMAL_TOTAL_HP_AT=0,0,67;TUMOUR_ALT_HP=0,0,7;NORMAL_ALT_HP=0,0,0;CLASS=PASSED_SOMATIC	GT=0/1	
93	colo829	colo829-dna-pacbio_minimap2_mdtagged_sorted	pacbio	savana	chr1	245974942	+	D	chr1	245975375	+	U		-1.0	PASS	433	BND	-1	-1	3	3	-1	-1	0.037	0.037	SVTYPE=BND;MATEID=ID_24563_2;TUMOUR_READ_SUPPORT=3;TUMOUR_ALN_SUPPORT=3;NORMAL_READ_SUPPORT=0;NORMAL_ALN_SUPPORT=0;SVLEN=433;BP_NOTATION=+-;SOURCE=CIGAR;CLUSTERED_READS_TUMOUR=3;CLUSTERED_READS_NORMAL=0;ORIGIN_STARTS_STD_DEV=1.414;ORIGIN_MAPQ_MEAN=60;ORIGIN_EVENT_SIZE_STD_DEV=0;ORIGIN_EVENT_SIZE_MEDIAN=433;ORIGIN_EVENT_SIZE_MEAN=433;END_STARTS_STD_DEV=1.414;END_MAPQ_MEAN=60;END_EVENT_SIZE_STD_DEV=0;END_EVENT_SIZE_MEDIAN=433;END_EVENT_SIZE_MEAN=433;TUMOUR_DP_BEFORE=81,81;TUMOUR_DP_AT=81,81;TUMOUR_DP_AFTER=81,81;NORMAL_DP_BEFORE=67,68;NORMAL_DP_AT=67,68;NORMAL_DP_AFTER=67,68;TUMOUR_AF=0.037,0.037;NORMAL_AF=0,0;TUMOUR_TOTAL_HP_AT=0,0,81;NORMAL_TOTAL_HP_AT=0,0,67;TUMOUR_ALT_HP=0,0,3;NORMAL_ALT_HP=0,0,0;CLASS=PASSED_SOMATIC	GT=0/1	
94	colo829	colo829-dna-pacbio_minimap2_mdtagged_sorted	pacbio	savana	chr1	245975037	+	D	chr1	245975805	+	U		-1.0	PASS	768	BND	-1	-1	3	3	-1	-1	0.037	0.037	SVTYPE=BND;MATEID=ID_24564_2;TUMOUR_READ_SUPPORT=3;TUMOUR_ALN_SUPPORT=3;NORMAL_READ_SUPPORT=0;NORMAL_ALN_SUPPORT=0;SVLEN=768;BP_NOTATION=+-;SOURCE=CIGAR;CLUSTERED_READS_TUMOUR=3;CLUSTERED_READS_NORMAL=0;ORIGIN_STARTS_STD_DEV=0;ORIGIN_MAPQ_MEAN=60;ORIGIN_EVENT_SIZE_STD_DEV=0;ORIGIN_EVENT_SIZE_MEDIAN=768;ORIGIN_EVENT_SIZE_MEAN=768;END_STARTS_STD_DEV=0;END_MAPQ_MEAN=60;END_EVENT_SIZE_STD_DEV=0;END_EVENT_SIZE_MEDIAN=768;END_EVENT_SIZE_MEAN=768;TUMOUR_DP_BEFORE=81,80;TUMOUR_DP_AT=81,80;TUMOUR_DP_AFTER=81,80;NORMAL_DP_BEFORE=67,66;NORMAL_DP_AT=67,67;NORMAL_DP_AFTER=67,67;TUMOUR_AF=0.037,0.037;NORMAL_AF=0,0;TUMOUR_TOTAL_HP_AT=0,0,81;NORMAL_TOTAL_HP_AT=0,0,67;TUMOUR_ALT_HP=0,0,3;NORMAL_ALT_HP=0,0,0;CLASS=PASSED_SOMATIC	GT=0/1	
95	colo829	colo829-dna-pacbio_minimap2_mdtagged_sorted	pacbio	savana	chr1	245991791	+	D	chr1	245992128	+	U		-1.0	PASS	337	BND	-1	-1	3	3	-1	-1	0.054	0.055	SVTYPE=BND;MATEID=ID_24577_2;TUMOUR_READ_SUPPORT=3;TUMOUR_ALN_SUPPORT=3;NORMAL_READ_SUPPORT=0;NORMAL_ALN_SUPPORT=0;SVLEN=337;BP_NOTATION=+-;SOURCE=CIGAR;CLUSTERED_READS_TUMOUR=3;CLUSTERED_READS_NORMAL=0;ORIGIN_STARTS_STD_DEV=0;ORIGIN_MAPQ_MEAN=60;ORIGIN_EVENT_SIZE_STD_DEV=0;ORIGIN_EVENT_SIZE_MEDIAN=337;ORIGIN_EVENT_SIZE_MEAN=337;END_STARTS_STD_DEV=0;END_MAPQ_MEAN=60;END_EVENT_SIZE_STD_DEV=0;END_EVENT_SIZE_MEDIAN=337;END_EVENT_SIZE_MEAN=337;TUMOUR_DP_BEFORE=56,55;TUMOUR_DP_AT=56,55;TUMOUR_DP_AFTER=56,55;NORMAL_DP_BEFORE=68,66;NORMAL_DP_AT=68,66;NORMAL_DP_AFTER=68,66;TUMOUR_AF=0.054,0.055;NORMAL_AF=0,0;TUMOUR_TOTAL_HP_AT=0,0,56;NORMAL_TOTAL_HP_AT=0,0,68;TUMOUR_ALT_HP=0,0,3;NORMAL_ALT_HP=0,0,0;CLASS=PASSED_SOMATIC	GT=0/1	
96	colo829	colo829-dna-pacbio_minimap2_mdtagged_sorted	pacbio	savana	chr1	246325318	+	D	chr1	246324967	+	U		-1.0	PASS	351	BND	-1	-1	6	6	-1	-1	0.143	0.169	SVTYPE=BND;MATEID=ID_24602_2;TUMOUR_READ_SUPPORT=6;TUMOUR_ALN_SUPPORT=12;NORMAL_READ_SUPPORT=0;NORMAL_ALN_SUPPORT=0;SVLEN=351;BP_NOTATION=-+;SOURCE=SUPPLEMENTARY;CLUSTERED_READS_TUMOUR=121;CLUSTERED_READS_NORMAL=130;ORIGIN_STARTS_STD_DEV=0.433;ORIGIN_MAPQ_MEAN=60;ORIGIN_EVENT_SIZE_STD_DEV=1.299;ORIGIN_EVENT_SIZE_MEDIAN=351;ORIGIN_EVENT_SIZE_MEAN=351.25;END_STARTS_STD_DEV=1;END_MAPQ_MEAN=60;END_EVENT_SIZE_STD_DEV=1.299;END_EVENT_SIZE_MEDIAN=351;END_EVENT_SIZE_MEAN=351.25;TUMOUR_DP_BEFORE=69,86;TUMOUR_DP_AT=84,71;TUMOUR_DP_AFTER=84,70;NORMAL_DP_BEFORE=76,76;NORMAL_DP_AT=77,76;NORMAL_DP_AFTER=77,75;TUMOUR_AF=0.143,0.169;NORMAL_AF=0,0;TUMOUR_TOTAL_HP_AT=0,0,84;NORMAL_TOTAL_HP_AT=0,0,77;TUMOUR_ALT_HP=0,0,12;NORMAL_ALT_HP=0,0,0;CLASS=PASSED_SOMATIC	GT=0/1	
97	colo829	colo829-dna-pacbio_minimap2_mdtagged_sorted	pacbio	savana	chr1	246462197	+	D	chr1	246462229	+	U		-1.0	PASS	32	BND	-1	-1	3	3	-1	-1	0.037	0.038	SVTYPE=BND;MATEID=ID_24610_2;TUMOUR_READ_SUPPORT=3;TUMOUR_ALN_SUPPORT=3;NORMAL_READ_SUPPORT=0;NORMAL_ALN_SUPPORT=0;SVLEN=32;BP_NOTATION=+-;SOURCE=CIGAR;CLUSTERED_READS_TUMOUR=73;CLUSTERED_READS_NORMAL=61;ORIGIN_STARTS_STD_DEV=6.944;ORIGIN_MAPQ_MEAN=60;ORIGIN_EVENT_SIZE_STD_DEV=0;ORIGIN_EVENT_SIZE_MEDIAN=32;ORIGIN_EVENT_SIZE_MEAN=32;END_STARTS_STD_DEV=6.944;END_MAPQ_MEAN=60;END_EVENT_SIZE_STD_DEV=0;END_EVENT_SIZE_MEDIAN=32;END_EVENT_SIZE_MEAN=32;TUMOUR_DP_BEFORE=80,78;TUMOUR_DP_AT=80,78;TUMOUR_DP_AFTER=79,78;NORMAL_DP_BEFORE=62,61;NORMAL_DP_AT=62,61;NORMAL_DP_AFTER=61,61;TUMOUR_AF=0.037,0.038;NORMAL_AF=0,0;TUMOUR_TOTAL_HP_AT=0,0,80;NORMAL_TOTAL_HP_AT=0,0,62;TUMOUR_ALT_HP=0,0,3;NORMAL_ALT_HP=0,0,0;CLASS=PASSED_SOMATIC	GT=0/1	
98	colo829	colo829-dna-pacbio_minimap2_mdtagged_sorted	pacbio	savana	chr1	246462228	+	D	chr1	246462260	+	U		-1.0	PASS	32	BND	-1	-1	3	3	-1	-1	0.038	0.038	SVTYPE=BND;MATEID=ID_24611_2;TUMOUR_READ_SUPPORT=3;TUMOUR_ALN_SUPPORT=3;NORMAL_READ_SUPPORT=0;NORMAL_ALN_SUPPORT=0;SVLEN=32;BP_NOTATION=+-;SOURCE=CIGAR;CLUSTERED_READS_TUMOUR=73;CLUSTERED_READS_NORMAL=61;ORIGIN_STARTS_STD_DEV=6.944;ORIGIN_MAPQ_MEAN=60;ORIGIN_EVENT_SIZE_STD_DEV=0;ORIGIN_EVENT_SIZE_MEDIAN=32;ORIGIN_EVENT_SIZE_MEAN=32;END_STARTS_STD_DEV=6.944;END_MAPQ_MEAN=60;END_EVENT_SIZE_STD_DEV=0;END_EVENT_SIZE_MEDIAN=32;END_EVENT_SIZE_MEAN=32;TUMOUR_DP_BEFORE=78,78;TUMOUR_DP_AT=78,78;TUMOUR_DP_AFTER=78,78;NORMAL_DP_BEFORE=61,61;NORMAL_DP_AT=61,61;NORMAL_DP_AFTER=61,61;TUMOUR_AF=0.038,0.038;NORMAL_AF=0,0;TUMOUR_TOTAL_HP_AT=0,0,78;NORMAL_TOTAL_HP_AT=0,0,61;TUMOUR_ALT_HP=0,0,3;NORMAL_ALT_HP=0,0,0;CLASS=PASSED_SOMATIC	GT=0/1	
99	colo829	colo829-dna-pacbio_minimap2_mdtagged_sorted	pacbio	savana	chr1	246462238	+	D	chr1	246462270	+	U		-1.0	PASS	32	BND	-1	-1	4	4	-1	-1	0.051	0.051	SVTYPE=BND;MATEID=ID_24612_2;TUMOUR_READ_SUPPORT=4;TUMOUR_ALN_SUPPORT=4;NORMAL_READ_SUPPORT=0;NORMAL_ALN_SUPPORT=0;SVLEN=32;BP_NOTATION=+-;SOURCE=CIGAR;CLUSTERED_READS_TUMOUR=73;CLUSTERED_READS_NORMAL=61;ORIGIN_STARTS_STD_DEV=2;ORIGIN_MAPQ_MEAN=60;ORIGIN_EVENT_SIZE_STD_DEV=0;ORIGIN_EVENT_SIZE_MEDIAN=32;ORIGIN_EVENT_SIZE_MEAN=32;END_STARTS_STD_DEV=2;END_MAPQ_MEAN=60;END_EVENT_SIZE_STD_DEV=0;END_EVENT_SIZE_MEDIAN=32;END_EVENT_SIZE_MEAN=32;TUMOUR_DP_BEFORE=78,78;TUMOUR_DP_AT=78,78;TUMOUR_DP_AFTER=78,78;NORMAL_DP_BEFORE=61,61;NORMAL_DP_AT=61,61;NORMAL_DP_AFTER=61,61;TUMOUR_AF=0.051,0.051;NORMAL_AF=0,0;TUMOUR_TOTAL_HP_AT=0,0,78;NORMAL_TOTAL_HP_AT=0,0,61;TUMOUR_ALT_HP=0,0,4;NORMAL_ALT_HP=0,0,0;CLASS=PASSED_SOMATIC	GT=0/1	
100	colo829	colo829-dna-pacbio_minimap2_mdtagged_sorted	pacbio	savana	chr1	246620419	+	D	chr1	246620579	+	U		-1.0	PASS	160	BND	-1	-1	4	4	-1	-1	0.103	0.1	SVTYPE=BND;MATEID=ID_24625_2;TUMOUR_READ_SUPPORT=4;TUMOUR_ALN_SUPPORT=4;NORMAL_READ_SUPPORT=0;NORMAL_ALN_SUPPORT=0;SVLEN=160;BP_NOTATION=+-;SOURCE=CIGAR;CLUSTERED_READS_TUMOUR=5;CLUSTERED_READS_NORMAL=15;ORIGIN_STARTS_STD_DEV=0;ORIGIN_MAPQ_MEAN=60;ORIGIN_EVENT_SIZE_STD_DEV=0;ORIGIN_EVENT_SIZE_MEDIAN=160;ORIGIN_EVENT_SIZE_MEAN=160;END_STARTS_STD_DEV=0;END_MAPQ_MEAN=60;END_EVENT_SIZE_STD_DEV=0;END_EVENT_SIZE_MEDIAN=160;END_EVENT_SIZE_MEAN=160;TUMOUR_DP_BEFORE=39,40;TUMOUR_DP_AT=39,40;TUMOUR_DP_AFTER=39,40;NORMAL_DP_BEFORE=34,34;NORMAL_DP_AT=34,34;NORMAL_DP_AFTER=34,34;TUMOUR_AF=0.103,0.1;NORMAL_AF=0,0;TUMOUR_TOTAL_HP_AT=0,0,39;NORMAL_TOTAL_HP_AT=0,0,34;TUMOUR_ALT_HP=0,0,4;NORMAL_ALT_HP=0,0,0;CLASS=PASSED_SOMATIC	GT=0/1	
101	colo829	colo829-dna-pacbio_minimap2_mdtagged_sorted	pacbio	savana	chr1	247290572	+	D	chr1	247290613	+	U		-1.0	PASS	41	BND	-1	-1	4	4	-1	-1	0.07	0.07	SVTYPE=BND;MATEID=ID_24660_2;TUMOUR_READ_SUPPORT=4;TUMOUR_ALN_SUPPORT=4;NORMAL_READ_SUPPORT=0;NORMAL_ALN_SUPPORT=0;SVLEN=41;BP_NOTATION=+-;SOURCE=CIGAR;CLUSTERED_READS_TUMOUR=57;CLUSTERED_READS_NORMAL=24;ORIGIN_STARTS_STD_DEV=3.767;ORIGIN_MAPQ_MEAN=60;ORIGIN_EVENT_SIZE_STD_DEV=0.866;ORIGIN_EVENT_SIZE_MEDIAN=41;ORIGIN_EVENT_SIZE_MEAN=40.5;END_STARTS_STD_DEV=4.265;END_MAPQ_MEAN=60;END_EVENT_SIZE_STD_DEV=0.866;END_EVENT_SIZE_MEDIAN=41;END_EVENT_SIZE_MEAN=40.5;TUMOUR_DP_BEFORE=57,57;TUMOUR_DP_AT=57,57;TUMOUR_DP_AFTER=57,57;NORMAL_DP_BEFORE=54,54;NORMAL_DP_AT=54,54;NORMAL_DP_AFTER=54,54;TUMOUR_AF=0.07,0.07;NORMAL_AF=0,0;TUMOUR_TOTAL_HP_AT=0,0,57;NORMAL_TOTAL_HP_AT=0,0,54;TUMOUR_ALT_HP=0,0,4;NORMAL_ALT_HP=0,0,0;CLASS=PASSED_SOMATIC	GT=0/1	
102	colo829	colo829-dna-pacbio_minimap2_mdtagged_sorted	pacbio	savana	chr1	248746939	+	D	chr1	248746976	+	U		-1.0	PASS	37	BND	-1	-1	13	13	-1	-1	0.232	0.232	SVTYPE=BND;MATEID=ID_24719_2;TUMOUR_READ_SUPPORT=13;TUMOUR_ALN_SUPPORT=13;NORMAL_READ_SUPPORT=0;NORMAL_ALN_SUPPORT=0;SVLEN=37;BP_NOTATION=+-;SOURCE=CIGAR;CLUSTERED_READS_TUMOUR=40;CLUSTERED_READS_NORMAL=13;ORIGIN_STARTS_STD_DEV=0;ORIGIN_MAPQ_MEAN=60;ORIGIN_EVENT_SIZE_STD_DEV=0;ORIGIN_EVENT_SIZE_MEDIAN=37;ORIGIN_EVENT_SIZE_MEAN=37;END_STARTS_STD_DEV=0;END_MAPQ_MEAN=60;END_EVENT_SIZE_STD_DEV=0;END_EVENT_SIZE_MEDIAN=37;END_EVENT_SIZE_MEAN=37;TUMOUR_DP_BEFORE=56,56;TUMOUR_DP_AT=56,56;TUMOUR_DP_AFTER=56,56;NORMAL_DP_BEFORE=44,44;NORMAL_DP_AT=44,44;NORMAL_DP_AFTER=44,44;TUMOUR_AF=0.232,0.232;NORMAL_AF=0,0;TUMOUR_TOTAL_HP_AT=0,0,56;NORMAL_TOTAL_HP_AT=0,0,44;TUMOUR_ALT_HP=0,0,13;NORMAL_ALT_HP=0,0,0;CLASS=PASSED_SOMATIC	GT=0/1	
103	colo829	colo829-dna-pacbio_minimap2_mdtagged_sorted	pacbio	savana	chr1	248829753	+	D	chr1	248829801	+	U		-1.0	PASS	48	BND	-1	-1	3	3	-1	-1	0.045	0.045	SVTYPE=BND;MATEID=ID_24729_2;TUMOUR_READ_SUPPORT=3;TUMOUR_ALN_SUPPORT=3;NORMAL_READ_SUPPORT=0;NORMAL_ALN_SUPPORT=0;SVLEN=48;BP_NOTATION=+-;SOURCE=CIGAR;CLUSTERED_READS_TUMOUR=47;CLUSTERED_READS_NORMAL=26;ORIGIN_STARTS_STD_DEV=0;ORIGIN_MAPQ_MEAN=60;ORIGIN_EVENT_SIZE_STD_DEV=0;ORIGIN_EVENT_SIZE_MEDIAN=48;ORIGIN_EVENT_SIZE_MEAN=48;END_STARTS_STD_DEV=0;END_MAPQ_MEAN=60;END_EVENT_SIZE_STD_DEV=0;END_EVENT_SIZE_MEDIAN=48;END_EVENT_SIZE_MEAN=48;TUMOUR_DP_BEFORE=66,66;TUMOUR_DP_AT=66,66;TUMOUR_DP_AFTER=66,66;NORMAL_DP_BEFORE=48,48;NORMAL_DP_AT=48,48;NORMAL_DP_AFTER=48,48;TUMOUR_AF=0.045,0.045;NORMAL_AF=0,0;TUMOUR_TOTAL_HP_AT=0,0,66;NORMAL_TOTAL_HP_AT=0,0,48;TUMOUR_ALT_HP=0,0,3;NORMAL_ALT_HP=0,0,0;CLASS=PASSED_SOMATIC	GT=0/1	
104	colo829	colo829-dna-pacbio_minimap2_mdtagged_sorted	pacbio	savana	chr1	248945705	+	U	chr4	10008	-	U		-1.0	PASS	-1	TRA	-1	-1	5	5	-1	-1	0.063	0.217	SVTYPE=BND;MATEID=ID_24738_2;TUMOUR_READ_SUPPORT=5;TUMOUR_ALN_SUPPORT=5;NORMAL_READ_SUPPORT=0;NORMAL_ALN_SUPPORT=0;SVLEN=0;BP_NOTATION=--;SOURCE=SUPPLEMENTARY;CLUSTERED_READS_TUMOUR=48;CLUSTERED_READS_NORMAL=35;ORIGIN_STARTS_STD_DEV=2.728;ORIGIN_MAPQ_MEAN=55.4;ORIGIN_EVENT_SIZE_STD_DEV=0;ORIGIN_EVENT_SIZE_MEDIAN=0;ORIGIN_EVENT_SIZE_MEAN=0;END_STARTS_STD_DEV=3.2;END_MAPQ_MEAN=55.4;END_EVENT_SIZE_STD_DEV=0;END_EVENT_SIZE_MEDIAN=0;END_EVENT_SIZE_MEAN=0;TUMOUR_DP_BEFORE=75,11;TUMOUR_DP_AT=79,23;TUMOUR_DP_AFTER=81,24;NORMAL_DP_BEFORE=43,4;NORMAL_DP_AT=46,8;NORMAL_DP_AFTER=46,8;TUMOUR_AF=0.063,0.217;NORMAL_AF=0,0;TUMOUR_TOTAL_HP_AT=0,0,79;NORMAL_TOTAL_HP_AT=0,0,46;TUMOUR_ALT_HP=0,0,5;NORMAL_ALT_HP=0,0,0;CLASS=PASSED_SOMATIC	GT=0/1	
