variant_id	variant_call_id	sample_id	chromosome_1	position_1	chromosome_2	position_2	variant_type	reference_allele	alternate_allele	source_id	phase_block_id	clone_id	nucleic_acid	variant_calling_method	sequencing_platform	filter	quality_score	precise	variant_subtype	variant_size	reference_allele_read_count	alternate_allele_read_count	total_read_count	alternate_allele_fraction	alternate_allele_read_ids	variant_sequences	tags	attributes	average_alignment_score_window	position_1_average_alignment_score	position_2_average_alignment_score	position_1_annotation_annotator	position_1_annotation_annotator_version	position_1_annotation_gene_id	position_1_annotation_gene_id_stable	position_1_annotation_gene_name	position_1_annotation_gene_strand	position_1_annotation_gene_type	position_1_annotation_gene_version	position_1_annotation_transcript_id	position_1_annotation_transcript_id_stable	position_1_annotation_transcript_name	position_1_annotation_transcript_strand	position_1_annotation_transcript_type	position_1_annotation_transcript_version	position_1_annotation_exon_id	position_1_annotation_exon_id_stable	position_1_annotation_region	position_1_annotation_species	position_2_annotation_annotator	position_2_annotation_annotator_version	position_2_annotation_gene_id	position_2_annotation_gene_id_stable	position_2_annotation_gene_name	position_2_annotation_gene_strand	position_2_annotation_gene_type	position_2_annotation_gene_version	position_2_annotation_transcript_id	position_2_annotation_transcript_id_stable	position_2_annotation_transcript_name	position_2_annotation_transcript_strand	position_2_annotation_transcript_type	position_2_annotation_transcript_version	position_2_annotation_exon_id	position_2_annotation_exon_id_stable	position_2_annotation_region	position_2_annotation_species
1	sample001normal_dna_manta-somatic_1_INS_chr17:7675193_chr17:7675193	sample001normal	chr17	7675193	chr17	7675193	INS	G	GTCATACGTACGATACGATAGCTAGCTACGATGCATATAATCAGCTACAGATCACTAGCTC	hg002			dna	manta-somatic	ILMN	PASS	-1.0			60	148	0	148	0.0				ID=MantaINS:0:0:0:0:0:0;END=7675193;SVTYPE=INS;SVLEN=60;CIGAR=1M60I;CIPOS=0,2;HOMLEN=2;HOMSEQ=TC;SOMATIC=True;SOMATICSCORE=391;PR=18,0;SR=130,0	-1	-1.0	-1.0																																				
1	sample001tumor_dna_manta-somatic_2_INS_chr17:7675193_chr17:7675193	sample001tumor	chr17	7675193	chr17	7675193	INS	G	GTCATACGTACGATACGATAGCTAGCTACGATGCATATAATCAGCTACAGATCACTAGCTC	hg002			dna	manta-somatic	ILMN	PASS	-1.0			60	0	213	213	1.0				ID=MantaINS:0:0:0:0:0:0;END=7675193;SVTYPE=INS;SVLEN=60;CIGAR=1M60I;CIPOS=0,2;HOMLEN=2;HOMSEQ=TC;SOMATIC=True;SOMATICSCORE=391;PR=0,8;SR=0,205	-1	-1.0	-1.0																																				
2	sample001normal_dna_manta-somatic_3_INS_chr17:7676194_chr17:7676194	sample001normal	chr17	7676194	chr17	7676194	INS	C	CACGTACAGCTACAGCTACGACTAGCATATAGCTACAGCTACGATCACGTACATAGATAAA	hg002			dna	manta-somatic	ILMN	PASS	-1.0			60	141	0	141	0.0				ID=MantaINS:1:0:0:0:0:0;END=7676194;SVTYPE=INS;SVLEN=60;CIGAR=1M60I;SOMATIC=True;SOMATICSCORE=376;PR=16,0;SR=125,0	-1	-1.0	-1.0																																				
2	sample001tumor_dna_manta-somatic_4_INS_chr17:7676194_chr17:7676194	sample001tumor	chr17	7676194	chr17	7676194	INS	C	CACGTACAGCTACAGCTACGACTAGCATATAGCTACAGCTACGATCACGTACATAGATAAA	hg002			dna	manta-somatic	ILMN	PASS	-1.0			60	1	206	207	0.9951690821256038				ID=MantaINS:1:0:0:0:0:0;END=7676194;SVTYPE=INS;SVLEN=60;CIGAR=1M60I;SOMATIC=True;SOMATICSCORE=376;PR=1,7;SR=0,199	-1	-1.0	-1.0																																				
3	sample001normal_dna_manta-somatic_5_INS_chr17:7677193_chr17:7677193	sample001normal	chr17	7677193	chr17	7677193	INS	C	CAGCTAGCGCTTTTTTGTAGAGATATATATATAGGGGGCCCCGATCAGTAATCGTAACTAT	hg002			dna	manta-somatic	ILMN	PASS	-1.0			60	161	0	161	0.0				ID=MantaINS:2:0:0:0:0:0;END=7677193;SVTYPE=INS;SVLEN=60;CIGAR=1M60I;SOMATIC=True;SOMATICSCORE=418;PR=22,0;SR=139,0	-1	-1.0	-1.0																																				
3	sample001tumor_dna_manta-somatic_6_INS_chr17:7677193_chr17:7677193	sample001tumor	chr17	7677193	chr17	7677193	INS	C	CAGCTAGCGCTTTTTTGTAGAGATATATATATAGGGGGCCCCGATCAGTAATCGTAACTAT	hg002			dna	manta-somatic	ILMN	PASS	-1.0			60	0	204	204	1.0				ID=MantaINS:2:0:0:0:0:0;END=7677193;SVTYPE=INS;SVLEN=60;CIGAR=1M60I;SOMATIC=True;SOMATICSCORE=418;PR=0,6;SR=0,198	-1	-1.0	-1.0																																				
4	sample001normal_dna_manta-somatic_7_DEL_chr17:7683193_chr17:7683292	sample001normal	chr17	7683193	chr17	7683292	DEL	CCGGGTTCAAGCAATTCTGCCTCAGCCTCCTGAGTAGCTGGGATTACAGGCAGGTGCCACCACACCGGCTGATTTTTGTATTTTTAGTAGAGATGGCGTT	C	hg002			dna	manta-somatic	ILMN	PASS	-1.0			99	288	8	296	0.02702702702702703				ID=MantaDEL:3:0:0:0:0:0;END=7683292;SVTYPE=DEL;SVLEN=-99;CIGAR=1M99D;SOMATIC=True;SOMATICSCORE=638;PR=70,8;SR=218,0	-1	-1.0	-1.0																																				
4	sample001tumor_dna_manta-somatic_8_DEL_chr17:7683193_chr17:7683292	sample001tumor	chr17	7683193	chr17	7683292	DEL	CCGGGTTCAAGCAATTCTGCCTCAGCCTCCTGAGTAGCTGGGATTACAGGCAGGTGCCACCACACCGGCTGATTTTTGTATTTTTAGTAGAGATGGCGTT	C	hg002			dna	manta-somatic	ILMN	PASS	-1.0			99	0	180	180	1.0				ID=MantaDEL:3:0:0:0:0:0;END=7683292;SVTYPE=DEL;SVLEN=-99;CIGAR=1M99D;SOMATIC=True;SOMATICSCORE=638;PR=0,44;SR=0,136	-1	-1.0	-1.0																																				
5	sample001normal_dna_manta-somatic_9_DEL_chr17:7684292_chr17:7684391	sample001normal	chr17	7684292	chr17	7684391	DEL	TGCTAGAGGACTGCTTGAGCCCAGGGGTTCGAGGCTGCAGTAAGCCTTGATTGTGCCATTGTACTCTAGCCTGGGCAACAGTGTGAGTCCCTGTCTCAAA	T	hg002			dna	manta-somatic	ILMN	PASS	-1.0			99	353	6	359	0.016713091922005572				ID=MantaDEL:4:0:0:0:0:0;END=7684391;SVTYPE=DEL;SVLEN=-99;CIGAR=1M99D;SOMATIC=True;SOMATICSCORE=738;PR=105,6;SR=248,0	-1	-1.0	-1.0																																				
5	sample001tumor_dna_manta-somatic_10_DEL_chr17:7684292_chr17:7684391	sample001tumor	chr17	7684292	chr17	7684391	DEL	TGCTAGAGGACTGCTTGAGCCCAGGGGTTCGAGGCTGCAGTAAGCCTTGATTGTGCCATTGTACTCTAGCCTGGGCAACAGTGTGAGTCCCTGTCTCAAA	T	hg002			dna	manta-somatic	ILMN	PASS	-1.0			99	1	158	159	0.9937106918238994				ID=MantaDEL:4:0:0:0:0:0;END=7684391;SVTYPE=DEL;SVLEN=-99;CIGAR=1M99D;SOMATIC=True;SOMATICSCORE=738;PR=1,33;SR=0,125	-1	-1.0	-1.0																																				
